<?xml version="1.0" encoding="UTF-8"?><InteractionHistory Id="local-23" Version="1"><InteractionEvent Delta="null" EndDate="2013-02-09 18:57:15.531 CET" Interest="1349.6" Kind="propagation" Navigation="org.eclipse.mylyn.core.model.edges.containment" OriginId="org.eclipse.mylyn.core.model.interest.propagation" StartDate="2013-02-08 21:29:07.412 CET" StructureHandle="" StructureKind="java" NumEvents="1933" CreationCount="1"/><InteractionEvent Delta="null" EndDate="2013-02-09 18:57:15.530 CET" Interest="1349.6" Kind="propagation" Navigation="org.eclipse.mylyn.core.model.edges.containment" OriginId="org.eclipse.mylyn.core.model.interest.propagation" StartDate="2013-02-08 21:29:07.410 CET" StructureHandle="/de.prob.worksheetWeb/src/main" StructureKind="resource" NumEvents="1914" CreationCount="1"/><InteractionEvent Delta="null" EndDate="2013-02-09 12:02:02.868 CET" Interest="8.0" Kind="selection" Navigation="null" OriginId="org.eclipse.jdt.ui.PackageExplorer" StartDate="2013-02-08 21:29:07.413 CET" StructureHandle="/de.prob.worksheetWeb/src/main/webapp/testsJavascript/lazyLoader" StructureKind="resource" NumEvents="8" CreationCount="2"/><InteractionEvent Delta="null" EndDate="2013-02-09 18:57:21.917 CET" Interest="936.91693" Kind="propagation" Navigation="org.eclipse.mylyn.core.model.edges.containment" OriginId="org.eclipse.mylyn.core.model.interest.propagation" StartDate="2013-02-08 21:29:07.418 CET" StructureHandle="/de.prob.worksheetWeb/src/main/webapp/testsJavascript/lazyLoader" StructureKind="resource" NumEvents="1319" CreationCount="2"/><InteractionEvent Delta="null" EndDate="2013-02-09 18:57:21.920 CET" Interest="3365.0" Kind="propagation" Navigation="null" OriginId="org.eclipse.wst.jsdt.ui.CompilationUnitEditor" StartDate="2013-02-08 21:29:07.412 CET" StructureHandle="/de.prob.worksheetWeb" StructureKind="resource" NumEvents="3365" CreationCount="1"/><InteractionEvent Delta="null" EndDate="2013-02-09 15:05:42.682 CET" Interest="52.0" Kind="propagation" Navigation="null" OriginId="org.eclipse.jdt.ui.PackageExplorer" StartDate="2013-02-09 14:53:11.919 CET" StructureHandle="/de.prob.core.kernel" StructureKind="resource" NumEvents="52" CreationCount="1398"/><InteractionEvent Delta="null" EndDate="2013-02-09 15:05:42.550 CET" Interest="2.0" Kind="propagation" Navigation="null" OriginId="org.eclipse.wst.jsdt.ui.CompilationUnitEditor" StartDate="2013-02-09 15:05:42.347 CET" StructureHandle="/jquer.ui" StructureKind="resource" NumEvents="2" CreationCount="1480"/><InteractionEvent Delta="null" EndDate="2013-02-09 16:40:26.259 CET" Interest="4.0" Kind="selection" Navigation="null" OriginId="org.eclipse.jdt.ui.PackageExplorer" StartDate="2013-02-08 21:29:52.501 CET" StructureHandle="=de.prob.worksheetWeb" StructureKind="java" NumEvents="4" CreationCount="11"/><InteractionEvent Delta="null" EndDate="2013-02-09 18:57:21.919 CET" Interest="1345.43" Kind="propagation" Navigation="org.eclipse.mylyn.core.model.edges.containment" OriginId="org.eclipse.mylyn.core.model.interest.propagation" StartDate="2013-02-08 21:29:07.411 CET" StructureHandle="=de.prob.worksheetWeb" StructureKind="java" NumEvents="1923" CreationCount="11"/><InteractionEvent Delta="null" EndDate="2013-02-09 18:57:15.528 CET" Interest="1878.0" Kind="edit" Navigation="null" OriginId="org.eclipse.wst.jsdt.ui.CompilationUnitEditor" StartDate="2013-02-08 21:29:50.580 CET" StructureHandle="/de.prob.worksheetWeb/src/main/webapp/javascripts/jquery.lazyLoader.js" StructureKind="resource" NumEvents="1878" CreationCount="1"/><InteractionEvent Delta="null" EndDate="2013-02-09 17:58:56.638 CET" Interest="35.0" Kind="selection" Navigation="null" OriginId="org.eclipse.wst.jsdt.ui.CompilationUnitEditor" StartDate="2013-02-08 21:29:07.408 CET" StructureHandle="/de.prob.worksheetWeb/src/main/webapp/javascripts/jquery.lazyLoader.js" StructureKind="resource" NumEvents="35" CreationCount="1"/><InteractionEvent Delta="null" EndDate="2013-02-09 16:38:44.192 CET" Interest="67.0" Kind="edit" Navigation="null" OriginId="org.eclipse.wst.jsdt.ui.CompilationUnitEditor" StartDate="2013-02-09 12:02:17.320 CET" StructureHandle="/de.prob.worksheetWeb/src/main/webapp/testsJavascript/lazyLoader/test.js" StructureKind="resource" NumEvents="67" CreationCount="1382"/><InteractionEvent Delta="null" EndDate="2013-02-09 16:36:38.801 CET" Interest="10.0" Kind="selection" Navigation="null" OriginId="org.eclipse.wst.jsdt.ui.CompilationUnitEditor" StartDate="2013-02-09 12:02:17.189 CET" StructureHandle="/de.prob.worksheetWeb/src/main/webapp/testsJavascript/lazyLoader/test.js" StructureKind="resource" NumEvents="10" CreationCount="1382"/><InteractionEvent Delta="null" EndDate="2013-02-09 12:02:16.801 CET" Interest="1.0" Kind="propagation" Navigation="null" OriginId="org.eclipse.mylyn.resources.ui.interest.updater" StartDate="2013-02-09 12:02:16.801 CET" StructureHandle="/de.prob.worksheetWeb/src/main/webapp/testsJavascript/lazyLoader/test.js" StructureKind="resource"/><InteractionEvent Delta="null" EndDate="2013-02-09 18:57:15.529 CET" Interest="1349.6" Kind="propagation" Navigation="org.eclipse.mylyn.core.model.edges.containment" OriginId="org.eclipse.mylyn.core.model.interest.propagation" StartDate="2013-02-08 21:29:07.410 CET" StructureHandle="/de.prob.worksheetWeb/src/main/webapp" StructureKind="resource" NumEvents="1913" CreationCount="1"/><InteractionEvent Delta="null" EndDate="2013-02-09 15:05:42.550 CET" Interest="1.7" Kind="propagation" Navigation="org.eclipse.mylyn.core.model.edges.containment" OriginId="org.eclipse.mylyn.core.model.interest.propagation" StartDate="2013-02-09 15:05:42.346 CET" StructureHandle="/jquer.ui/tests/unit" StructureKind="resource" NumEvents="2" CreationCount="1480"/><InteractionEvent Delta="null" EndDate="2013-02-09 15:05:42.549 CET" Interest="1.7" Kind="propagation" Navigation="org.eclipse.mylyn.core.model.edges.containment" OriginId="org.eclipse.mylyn.core.model.interest.propagation" StartDate="2013-02-09 15:05:42.345 CET" StructureHandle="/jquer.ui/tests/unit/tabs" StructureKind="resource" NumEvents="2" CreationCount="1480"/><InteractionEvent Delta="null" EndDate="2013-02-09 15:05:42.681 CET" Interest="1.0" Kind="selection" Navigation="null" OriginId="org.eclipse.jdt.ui.PackageExplorer" StartDate="2013-02-09 15:05:42.681 CET" StructureHandle="=de.prob.core.kernel" StructureKind="java"/><InteractionEvent Delta="null" EndDate="2013-02-09 15:03:35.761 CET" Interest="36.3" Kind="propagation" Navigation="org.eclipse.mylyn.core.model.edges.containment" OriginId="org.eclipse.mylyn.core.model.interest.propagation" StartDate="2013-02-09 14:53:11.919 CET" StructureHandle="=de.prob.core.kernel" StructureKind="java" NumEvents="51" CreationCount="1398"/><InteractionEvent Delta="null" EndDate="2013-02-09 18:57:15.529 CET" Interest="1349.6" Kind="propagation" Navigation="org.eclipse.mylyn.core.model.edges.containment" OriginId="org.eclipse.mylyn.core.model.interest.propagation" StartDate="2013-02-08 21:29:07.409 CET" StructureHandle="/de.prob.worksheetWeb/src/main/webapp/javascripts" StructureKind="resource" NumEvents="1914" CreationCount="1"/><InteractionEvent Delta="null" EndDate="2013-02-09 16:15:12.385 CET" Interest="22.0" Kind="selection" Navigation="null" OriginId="org.eclipse.jdt.ui.PackageExplorer" StartDate="2013-02-08 21:29:07.423 CET" StructureHandle="/de.prob.worksheetWeb/src/main/webapp/testsJavascript/lazyLoader/lazyLoader.html" StructureKind="resource" NumEvents="22" CreationCount="4"/><InteractionEvent Delta="null" EndDate="2013-02-09 16:11:58.455 CET" Interest="25.809002" Kind="manipulation" Navigation="null" OriginId="org.eclipse.mylyn.core.model.interest.decay.correction" StartDate="2013-02-08 22:00:01.620 CET" StructureHandle="/de.prob.worksheetWeb/src/main/webapp/testsJavascript/lazyLoader/lazyLoader.html" StructureKind="resource" NumEvents="3" CreationCount="4"/><InteractionEvent Delta="null" EndDate="2013-02-09 12:01:59.371 CET" Interest="1.0" Kind="edit" Navigation="null" OriginId="org.eclipse.wst.css.core.csssource.source" StartDate="2013-02-09 12:01:59.371 CET" StructureHandle="/de.prob.worksheetWeb/src/main/webapp/testsJavascript/lazyLoader/test.css" StructureKind="resource"/><InteractionEvent Delta="null" EndDate="2013-02-09 12:01:59.253 CET" Interest="1.0" Kind="selection" Navigation="null" OriginId="org.eclipse.wst.css.core.csssource.source" StartDate="2013-02-09 12:01:59.253 CET" StructureHandle="/de.prob.worksheetWeb/src/main/webapp/testsJavascript/lazyLoader/test.css" StructureKind="resource"/><InteractionEvent Delta="null" EndDate="2013-02-09 12:01:58.746 CET" Interest="1.0" Kind="propagation" Navigation="null" OriginId="org.eclipse.mylyn.resources.ui.interest.updater" StartDate="2013-02-09 12:01:58.746 CET" StructureHandle="/de.prob.worksheetWeb/src/main/webapp/testsJavascript/lazyLoader/test.css" StructureKind="resource"/><InteractionEvent Delta="null" EndDate="2013-02-09 15:05:42.550 CET" Interest="1.7" Kind="propagation" Navigation="org.eclipse.mylyn.core.model.edges.containment" OriginId="org.eclipse.mylyn.core.model.interest.propagation" StartDate="2013-02-09 15:05:42.347 CET" StructureHandle="=jquer.ui" StructureKind="java" NumEvents="2" CreationCount="1480"/><InteractionEvent Delta="null" EndDate="2013-02-09 18:57:21.918 CET" Interest="944.91693" Kind="propagation" Navigation="org.eclipse.mylyn.core.model.edges.containment" OriginId="org.eclipse.mylyn.core.model.interest.propagation" StartDate="2013-02-08 21:29:07.413 CET" StructureHandle="/de.prob.worksheetWeb/src/main/webapp/testsJavascript" StructureKind="resource" NumEvents="1326" CreationCount="2"/><InteractionEvent Delta="null" EndDate="2013-02-09 18:57:21.920 CET" Interest="3419.0" Kind="propagation" Navigation="null" OriginId="org.eclipse.wst.jsdt.ui.CompilationUnitEditor" StartDate="2013-02-08 21:29:07.412 CET" StructureHandle="/" StructureKind="resource" NumEvents="3419" CreationCount="1"/><InteractionEvent Delta="null" EndDate="2013-02-09 18:57:15.530 CET" Interest="1347.6" Kind="propagation" Navigation="org.eclipse.mylyn.core.model.edges.containment" OriginId="org.eclipse.mylyn.core.model.interest.propagation" StartDate="2013-02-08 21:29:07.411 CET" StructureHandle="/de.prob.worksheetWeb/src" StructureKind="resource" NumEvents="1912" CreationCount="1"/><InteractionEvent Delta="null" EndDate="2013-02-09 16:39:20.156 CET" Interest="2.0" Kind="selection" Navigation="null" OriginId="org.eclipse.jdt.ui.PackageExplorer" StartDate="2013-02-09 16:39:20.146 CET" StructureHandle="/de.prob.worksheetWeb/src" StructureKind="resource" NumEvents="2" CreationCount="1"/><InteractionEvent Delta="null" EndDate="2013-02-09 15:03:35.761 CET" Interest="49.0" Kind="edit" Navigation="null" OriginId="org.eclipse.ui.DefaultTextEditor" StartDate="2013-02-09 14:53:11.981 CET" StructureHandle="/de.prob.core.kernel/README.md" StructureKind="resource" NumEvents="49" CreationCount="1398"/><InteractionEvent Delta="null" EndDate="2013-02-09 15:03:35.697 CET" Interest="2.0" Kind="selection" Navigation="null" OriginId="org.eclipse.ui.DefaultTextEditor" StartDate="2013-02-09 14:53:11.918 CET" StructureHandle="/de.prob.core.kernel/README.md" StructureKind="resource" NumEvents="2" CreationCount="1398"/><InteractionEvent Delta="null" EndDate="2013-02-09 15:05:42.550 CET" Interest="1.7" Kind="propagation" Navigation="org.eclipse.mylyn.core.model.edges.containment" OriginId="org.eclipse.mylyn.core.model.interest.propagation" StartDate="2013-02-09 15:05:42.346 CET" StructureHandle="/jquer.ui/tests" StructureKind="resource" NumEvents="2" CreationCount="1480"/><InteractionEvent Delta="null" EndDate="2013-02-09 16:46:21.209 CET" Interest="1.0" Kind="selection" Navigation="null" OriginId="org.eclipse.wst.jsdt.ui.CompilationUnitEditor" StartDate="2013-02-09 16:46:21.209 CET" StructureHandle="/de.prob.worksheetWeb/src/main/webapp/javascripts/jquery.json-2.4.js" StructureKind="resource"/><InteractionEvent Delta="null" EndDate="2013-02-09 16:46:40.124 CET" Interest="7.0" Kind="edit" Navigation="null" OriginId="org.eclipse.wst.jsdt.ui.CompilationUnitEditor" StartDate="2013-02-09 16:46:21.264 CET" StructureHandle="/de.prob.worksheetWeb/src/main/webapp/javascripts/jquery.json-2.4.js" StructureKind="resource" NumEvents="7" CreationCount="2877"/><InteractionEvent Delta="null" EndDate="2013-02-09 15:05:42.548 CET" Interest="1.0" Kind="edit" Navigation="null" OriginId="org.eclipse.wst.jsdt.ui.CompilationUnitEditor" StartDate="2013-02-09 15:05:42.548 CET" StructureHandle="/jquer.ui/tests/unit/tabs/tabs_events.js" StructureKind="resource"/><InteractionEvent Delta="null" EndDate="2013-02-09 15:05:42.344 CET" Interest="1.0" Kind="selection" Navigation="null" OriginId="org.eclipse.wst.jsdt.ui.CompilationUnitEditor" StartDate="2013-02-09 15:05:42.344 CET" StructureHandle="/jquer.ui/tests/unit/tabs/tabs_events.js" StructureKind="resource"/><InteractionEvent Delta="null" EndDate="2013-02-09 18:57:21.917 CET" Interest="1267.0" Kind="edit" Navigation="null" OriginId="org.eclipse.wst.jsdt.ui.CompilationUnitEditor" StartDate="2013-02-08 21:29:54.717 CET" StructureHandle="/de.prob.worksheetWeb/src/main/webapp/testsJavascript/lazyLoader/lazyLoader_core.js" StructureKind="resource" NumEvents="1267" CreationCount="3"/><InteractionEvent Delta="null" EndDate="2013-02-09 18:57:21.826 CET" Interest="58.0" Kind="selection" Navigation="null" OriginId="org.eclipse.wst.jsdt.ui.CompilationUnitEditor" StartDate="2013-02-08 21:29:07.417 CET" StructureHandle="/de.prob.worksheetWeb/src/main/webapp/testsJavascript/lazyLoader/lazyLoader_core.js" StructureKind="resource" NumEvents="58" CreationCount="3"/></InteractionHistory>