<?xml version="1.0" encoding="UTF-8"?><InteractionHistory Id="local-22" Version="1"><InteractionEvent Delta="null" EndDate="2013-02-08 13:38:01.195 CET" Interest="55.899998" Kind="propagation" Navigation="org.eclipse.mylyn.core.model.edges.containment" OriginId="org.eclipse.mylyn.core.model.interest.propagation" StartDate="2013-02-08 13:36:52.189 CET" StructureHandle="" StructureKind="java" NumEvents="79" CreationCount="1"/><InteractionEvent Delta="null" EndDate="2013-02-08 13:38:01.193 CET" Interest="55.899998" Kind="propagation" Navigation="org.eclipse.mylyn.core.model.edges.containment" OriginId="org.eclipse.mylyn.core.model.interest.propagation" StartDate="2013-02-08 13:36:52.186 CET" StructureHandle="/de.prob.worksheetWeb/src/main" StructureKind="resource" NumEvents="79" CreationCount="1"/><InteractionEvent Delta="null" EndDate="2013-02-08 13:37:01.614 CET" Interest="1.0" Kind="selection" Navigation="null" OriginId="org.eclipse.wst.html.core.htmlsource.source" StartDate="2013-02-08 13:37:01.614 CET" StructureHandle="/de.prob.worksheetWeb/src/main/webapp/worksheet.html" StructureKind="resource"/><InteractionEvent Delta="null" EndDate="2013-02-08 13:38:01.195 CET" Interest="80.0" Kind="propagation" Navigation="null" OriginId="org.eclipse.wst.html.core.htmlsource.source" StartDate="2013-02-08 13:36:52.189 CET" StructureHandle="/de.prob.worksheetWeb" StructureKind="resource" NumEvents="80" CreationCount="1"/><InteractionEvent Delta="null" EndDate="2013-02-08 13:37:01.747 CET" Interest="1.0" Kind="selection" Navigation="null" OriginId="org.eclipse.wst.jsdt.ui.CompilationUnitEditor" StartDate="2013-02-08 13:37:01.747 CET" StructureHandle="/jquer.ui/tests/unit/testsuite.js" StructureKind="resource"/><InteractionEvent Delta="null" EndDate="2013-02-08 13:37:01.750 CET" Interest="1.0" Kind="propagation" Navigation="org.eclipse.mylyn.core.model.edges.containment" OriginId="org.eclipse.mylyn.core.model.interest.propagation" StartDate="2013-02-08 13:37:01.750 CET" StructureHandle="=jquer.ui" StructureKind="java"/><InteractionEvent Delta="null" EndDate="2013-02-08 13:38:01.192 CET" Interest="55.899998" Kind="propagation" Navigation="org.eclipse.mylyn.core.model.edges.containment" OriginId="org.eclipse.mylyn.core.model.interest.propagation" StartDate="2013-02-08 13:36:52.185 CET" StructureHandle="/de.prob.worksheetWeb/src/main/webapp/testsJavascript" StructureKind="resource" NumEvents="79" CreationCount="1"/><InteractionEvent Delta="null" EndDate="2013-02-08 13:38:01.192 CET" Interest="55.899998" Kind="propagation" Navigation="org.eclipse.mylyn.core.model.edges.containment" OriginId="org.eclipse.mylyn.core.model.interest.propagation" StartDate="2013-02-08 13:36:52.183 CET" StructureHandle="/de.prob.worksheetWeb/src/main/webapp/testsJavascript/worksheet" StructureKind="resource" NumEvents="79" CreationCount="1"/><InteractionEvent Delta="null" EndDate="2013-02-08 13:38:01.195 CET" Interest="81.0" Kind="propagation" Navigation="null" OriginId="org.eclipse.wst.html.core.htmlsource.source" StartDate="2013-02-08 13:36:52.189 CET" StructureHandle="/" StructureKind="resource" NumEvents="81" CreationCount="1"/><InteractionEvent Delta="null" EndDate="2013-02-08 13:37:01.750 CET" Interest="1.0" Kind="propagation" Navigation="null" OriginId="org.eclipse.wst.jsdt.ui.CompilationUnitEditor" StartDate="2013-02-08 13:37:01.750 CET" StructureHandle="/jquer.ui" StructureKind="resource"/><InteractionEvent Delta="null" EndDate="2013-02-08 13:38:01.194 CET" Interest="55.899998" Kind="propagation" Navigation="org.eclipse.mylyn.core.model.edges.containment" OriginId="org.eclipse.mylyn.core.model.interest.propagation" StartDate="2013-02-08 13:36:52.187 CET" StructureHandle="/de.prob.worksheetWeb/src" StructureKind="resource" NumEvents="79" CreationCount="1"/><InteractionEvent Delta="null" EndDate="2013-02-08 13:38:01.194 CET" Interest="55.899998" Kind="propagation" Navigation="org.eclipse.mylyn.core.model.edges.containment" OriginId="org.eclipse.mylyn.core.model.interest.propagation" StartDate="2013-02-08 13:36:52.188 CET" StructureHandle="=de.prob.worksheetWeb" StructureKind="java" NumEvents="79" CreationCount="1"/><InteractionEvent Delta="null" EndDate="2013-02-08 13:37:01.750 CET" Interest="1.0" Kind="propagation" Navigation="org.eclipse.mylyn.core.model.edges.containment" OriginId="org.eclipse.mylyn.core.model.interest.propagation" StartDate="2013-02-08 13:37:01.750 CET" StructureHandle="/jquer.ui/tests" StructureKind="resource"/><InteractionEvent Delta="null" EndDate="2013-02-08 13:38:01.193 CET" Interest="55.899998" Kind="propagation" Navigation="org.eclipse.mylyn.core.model.edges.containment" OriginId="org.eclipse.mylyn.core.model.interest.propagation" StartDate="2013-02-08 13:36:52.186 CET" StructureHandle="/de.prob.worksheetWeb/src/main/webapp" StructureKind="resource" NumEvents="79" CreationCount="1"/><InteractionEvent Delta="null" EndDate="2013-02-08 13:37:01.749 CET" Interest="1.0" Kind="propagation" Navigation="org.eclipse.mylyn.core.model.edges.containment" OriginId="org.eclipse.mylyn.core.model.interest.propagation" StartDate="2013-02-08 13:37:01.749 CET" StructureHandle="/jquer.ui/tests/unit" StructureKind="resource"/><InteractionEvent Delta="null" EndDate="2013-02-08 13:38:01.191 CET" Interest="77.0" Kind="edit" Navigation="null" OriginId="org.eclipse.wst.html.core.htmlsource.source" StartDate="2013-02-08 13:36:52.227 CET" StructureHandle="/de.prob.worksheetWeb/src/main/webapp/testsJavascript/worksheet/worksheet.html" StructureKind="resource" NumEvents="77" CreationCount="1"/><InteractionEvent Delta="null" EndDate="2013-02-08 13:37:01.888 CET" Interest="2.0" Kind="selection" Navigation="null" OriginId="org.eclipse.wst.html.core.htmlsource.source" StartDate="2013-02-08 13:36:52.180 CET" StructureHandle="/de.prob.worksheetWeb/src/main/webapp/testsJavascript/worksheet/worksheet.html" StructureKind="resource" NumEvents="2" CreationCount="1"/></InteractionHistory>