<?xml version="1.0" encoding="UTF-8"?><InteractionHistory Id="local-45" Version="1"><InteractionEvent Delta="null" EndDate="2013-02-17 14:19:50.649 CET" Interest="131.0" Kind="propagation" Navigation="org.eclipse.mylyn.core.model.edges.containment" OriginId="org.eclipse.mylyn.core.model.interest.propagation" StartDate="2013-02-17 13:44:28.972 CET" StructureHandle="/de.prob.worksheetWeb/src/main/java/de/prob/worksheet/api" StructureKind="resource" NumEvents="131" CreationCount="1209"/><InteractionEvent Delta="null" EndDate="2013-02-17 14:03:53.629 CET" Interest="3.415001" Kind="manipulation" Navigation="null" OriginId="org.eclipse.mylyn.core.model.interest.decay.correction" StartDate="2013-02-17 14:03:53.629 CET" StructureHandle="/de.prob.worksheetWeb/src/main/java/de/prob/worksheet/IContext.java" StructureKind="resource"/><InteractionEvent Delta="null" EndDate="2013-02-17 14:03:53.823 CET" Interest="8.0" Kind="propagation" Navigation="null" OriginId="org.eclipse.jdt.ui.CompilationUnitEditor" StartDate="2013-02-17 13:44:18.445 CET" StructureHandle="/de.prob.worksheetWeb/src/main/java/de/prob/worksheet/IContext.java" StructureKind="resource" NumEvents="8" CreationCount="1204"/><InteractionEvent Delta="null" EndDate="2013-02-17 14:13:28.75 CET" Interest="1.0" Kind="selection" Navigation="null" OriginId="org.eclipse.jdt.ui.CompilationUnitEditor" StartDate="2013-02-17 14:13:28.75 CET" StructureHandle="=de.prob.worksheetWeb/src\/main\/java&amp;lt;de.prob.worksheet{ContextHistory.java[ContextHistory~toString" StructureKind="java"/><InteractionEvent Delta="null" EndDate="2013-02-17 14:19:31.287 CET" Interest="547.0" Kind="propagation" Navigation="org.eclipse.mylyn.core.model.edges.containment" OriginId="org.eclipse.mylyn.core.model.interest.propagation" StartDate="2013-02-17 12:47:53.380 CET" StructureHandle="/de.prob.worksheetWeb/src/test/java/de/prob" StructureKind="resource" NumEvents="547" CreationCount="4"/><InteractionEvent Delta="null" EndDate="2013-02-17 14:19:51.634 CET" Interest="1516.2471" Kind="propagation" Navigation="org.eclipse.mylyn.core.model.edges.containment" OriginId="org.eclipse.mylyn.core.model.interest.propagation" StartDate="2013-02-17 12:47:41.344 CET" StructureHandle="/de.prob.worksheetWeb/src/main/java/de" StructureKind="resource" NumEvents="1516" CreationCount="1"/><InteractionEvent Delta="null" EndDate="2013-02-17 14:13:43.900 CET" Interest="26.886002" Kind="manipulation" Navigation="null" OriginId="org.eclipse.mylyn.core.model.interest.decay.correction" StartDate="2013-02-17 13:05:05.775 CET" StructureHandle="=de.prob.worksheetWeb/src\/main\/java&amp;lt;de.prob.worksheet{ContextHistory.java[ContextHistory~get~I" StructureKind="java" NumEvents="2" CreationCount="301"/><InteractionEvent Delta="null" EndDate="2013-02-17 14:13:43.900 CET" Interest="4.0" Kind="selection" Navigation="null" OriginId="org.eclipse.jdt.ui.CompilationUnitEditor" StartDate="2013-02-17 13:01:10.598 CET" StructureHandle="=de.prob.worksheetWeb/src\/main\/java&amp;lt;de.prob.worksheet{ContextHistory.java[ContextHistory~get~I" StructureKind="java" NumEvents="4" CreationCount="301"/><InteractionEvent Delta="null" EndDate="2013-02-17 13:44:19.421 CET" Interest="1.0" Kind="edit" Navigation="null" OriginId="org.eclipse.jdt.ui.CompilationUnitEditor" StartDate="2013-02-17 13:44:19.421 CET" StructureHandle="=de.prob.worksheetWeb/src\/main\/java&amp;lt;de.prob.worksheet{IContext.java[IContext~getDuplicate" StructureKind="java"/><InteractionEvent Delta="null" EndDate="2013-02-17 13:44:18.852 CET" Interest="1.0" Kind="selection" Navigation="null" OriginId="org.eclipse.jdt.ui.CompilationUnitEditor" StartDate="2013-02-17 13:44:18.852 CET" StructureHandle="=de.prob.worksheetWeb/src\/main\/java&amp;lt;de.prob.worksheet{IContext.java[IContext~getDuplicate" StructureKind="java"/><InteractionEvent Delta="null" EndDate="2013-02-17 12:47:41.343 CET" Interest="1.0" Kind="selection" Navigation="null" OriginId="org.eclipse.jdt.ui.PackageExplorer" StartDate="2013-02-17 12:47:41.343 CET" StructureHandle="=de.prob.worksheetWeb/src\/main\/java&amp;lt;de.prob.worksheet.evaluator" StructureKind="java"/><InteractionEvent Delta="null" EndDate="2013-02-17 14:19:51.633 CET" Interest="467.764" Kind="propagation" Navigation="org.eclipse.mylyn.core.model.edges.containment" OriginId="org.eclipse.mylyn.core.model.interest.propagation" StartDate="2013-02-17 12:47:45.733 CET" StructureHandle="=de.prob.worksheetWeb/src\/main\/java&amp;lt;de.prob.worksheet" StructureKind="java" NumEvents="674" CreationCount="2"/><InteractionEvent Delta="null" EndDate="2013-02-17 14:03:53.809 CET" Interest="6.6640005" Kind="manipulation" Navigation="null" OriginId="org.eclipse.mylyn.core.model.interest.decay.correction" StartDate="2013-02-17 14:03:53.809 CET" StructureHandle="=de.prob.worksheetWeb/src\/main\/java&amp;lt;de.prob.worksheet{IContext.java[IContext~destroy" StructureKind="java"/><InteractionEvent Delta="null" EndDate="2013-02-17 14:03:53.822 CET" Interest="2.0" Kind="edit" Navigation="null" OriginId="org.eclipse.jdt.ui.CompilationUnitEditor" StartDate="2013-02-17 13:44:20.895 CET" StructureHandle="=de.prob.worksheetWeb/src\/main\/java&amp;lt;de.prob.worksheet{IContext.java[IContext~destroy" StructureKind="java" NumEvents="2" CreationCount="1207"/><InteractionEvent Delta="null" EndDate="2013-02-17 14:03:53.809 CET" Interest="2.0" Kind="selection" Navigation="null" OriginId="org.eclipse.jdt.ui.CompilationUnitEditor" StartDate="2013-02-17 13:44:20.252 CET" StructureHandle="=de.prob.worksheetWeb/src\/main\/java&amp;lt;de.prob.worksheet{IContext.java[IContext~destroy" StructureKind="java" NumEvents="2" CreationCount="1207"/><InteractionEvent Delta="null" EndDate="2013-02-17 13:10:29.744 CET" Interest="2.0" Kind="selection" Navigation="null" OriginId="org.eclipse.jdt.ui.CompilationUnitEditor" StartDate="2013-02-17 13:10:29.240 CET" StructureHandle="=de.prob.worksheetWeb/src\/main\/java&amp;lt;de.prob.worksheet{ContextHistory.java#" StructureKind="java" NumEvents="2" CreationCount="679"/><InteractionEvent Delta="null" EndDate="2013-02-17 14:06:42.122 CET" Interest="56.0" Kind="edit" Navigation="null" OriginId="org.eclipse.jdt.ui.CompilationUnitEditor" StartDate="2013-02-17 14:04:25.472 CET" StructureHandle="=de.prob.worksheetWeb/src\/main\/java&amp;lt;de.prob.worksheet{ContextHistory.java[ContextHistory~add~QIContext;" StructureKind="java" NumEvents="56" CreationCount="1718"/><InteractionEvent Delta="null" EndDate="2013-02-17 14:05:59.765 CET" Interest="2.0" Kind="selection" Navigation="null" OriginId="org.eclipse.jdt.ui.CompilationUnitEditor" StartDate="2013-02-17 14:04:25.374 CET" StructureHandle="=de.prob.worksheetWeb/src\/main\/java&amp;lt;de.prob.worksheet{ContextHistory.java[ContextHistory~add~QIContext;" StructureKind="java" NumEvents="2" CreationCount="1718"/><InteractionEvent Delta="null" EndDate="2013-02-17 13:57:00.210 CET" Interest="19.762003" Kind="manipulation" Navigation="null" OriginId="org.eclipse.mylyn.core.model.interest.decay.correction" StartDate="2013-02-17 13:57:00.210 CET" StructureHandle="=de.prob.worksheetWeb/src\/test\/java&amp;lt;de.prob.worksheet{ContextHistoryTest.java[ContextHistoryTest~setContextsForId" StructureKind="java"/><InteractionEvent Delta="null" EndDate="2013-02-17 14:02:13.709 CET" Interest="150.0" Kind="edit" Navigation="null" OriginId="org.eclipse.jdt.ui.CompilationUnitEditor" StartDate="2013-02-17 12:51:17.327 CET" StructureHandle="=de.prob.worksheetWeb/src\/test\/java&amp;lt;de.prob.worksheet{ContextHistoryTest.java[ContextHistoryTest~setContextsForId" StructureKind="java" NumEvents="150" CreationCount="76"/><InteractionEvent Delta="null" EndDate="2013-02-17 14:02:39.970 CET" Interest="6.0" Kind="selection" Navigation="null" OriginId="org.eclipse.jdt.ui.CompilationUnitEditor" StartDate="2013-02-17 12:51:17.297 CET" StructureHandle="=de.prob.worksheetWeb/src\/test\/java&amp;lt;de.prob.worksheet{ContextHistoryTest.java[ContextHistoryTest~setContextsForId" StructureKind="java" NumEvents="6" CreationCount="76"/><InteractionEvent Delta="null" EndDate="2013-02-17 14:03:53.629 CET" Interest="6.647001" Kind="manipulation" Navigation="null" OriginId="org.eclipse.mylyn.core.model.interest.decay.correction" StartDate="2013-02-17 14:03:53.629 CET" StructureHandle="=de.prob.worksheetWeb/src\/main\/java&amp;lt;de.prob.worksheet{IContext.java" StructureKind="java"/><InteractionEvent Delta="null" EndDate="2013-02-17 14:03:53.824 CET" Interest="1.4679995" Kind="propagation" Navigation="org.eclipse.mylyn.core.model.edges.containment" OriginId="org.eclipse.mylyn.core.model.interest.propagation" StartDate="2013-02-17 13:44:18.853 CET" StructureHandle="=de.prob.worksheetWeb/src\/main\/java&amp;lt;de.prob.worksheet{IContext.java" StructureKind="java" NumEvents="5" CreationCount="1204"/><InteractionEvent Delta="null" EndDate="2013-02-17 14:03:53.629 CET" Interest="2.0" Kind="selection" Navigation="null" OriginId="org.eclipse.jdt.ui.CompilationUnitEditor" StartDate="2013-02-17 13:44:18.444 CET" StructureHandle="=de.prob.worksheetWeb/src\/main\/java&amp;lt;de.prob.worksheet{IContext.java" StructureKind="java" NumEvents="2" CreationCount="1204"/><InteractionEvent Delta="null" EndDate="2013-02-17 14:19:51.634 CET" Interest="1516.2471" Kind="propagation" Navigation="null" OriginId="org.eclipse.jdt.ui.PackageExplorer" StartDate="2013-02-17 12:47:41.344 CET" StructureHandle="/de.prob.worksheetWeb/src/main/java/de/prob/worksheet" StructureKind="resource" NumEvents="1516" CreationCount="1"/><InteractionEvent Delta="null" EndDate="2013-02-17 14:16:24.734 CET" Interest="280.0" Kind="edit" Navigation="null" OriginId="org.eclipse.jdt.ui.CompilationUnitEditor" StartDate="2013-02-17 13:51:29.206 CET" StructureHandle="=de.prob.worksheetWeb/src\/main\/java&amp;lt;de.prob.worksheet{ContextHistory.java[ContextHistory~add~I~QIContext;" StructureKind="java" NumEvents="280" CreationCount="1360"/><InteractionEvent Delta="null" EndDate="2013-02-17 14:16:24.189 CET" Interest="11.0" Kind="selection" Navigation="null" OriginId="org.eclipse.jdt.ui.CompilationUnitEditor" StartDate="2013-02-17 13:51:27.459 CET" StructureHandle="=de.prob.worksheetWeb/src\/main\/java&amp;lt;de.prob.worksheet{ContextHistory.java[ContextHistory~add~I~QIContext;" StructureKind="java" NumEvents="11" CreationCount="1360"/><InteractionEvent Delta="null" EndDate="2013-02-17 14:19:31.288 CET" Interest="270.451" Kind="propagation" Navigation="org.eclipse.mylyn.core.model.edges.containment" OriginId="org.eclipse.mylyn.core.model.interest.propagation" StartDate="2013-02-17 12:47:53.381 CET" StructureHandle="=de.prob.worksheetWeb/src\/test\/java&amp;lt;de.prob.worksheet" StructureKind="java" NumEvents="386" CreationCount="4"/><InteractionEvent Delta="null" EndDate="2013-02-17 12:53:59.920 CET" Interest="1.2300003" Kind="manipulation" Navigation="null" OriginId="org.eclipse.mylyn.core.model.interest.decay.correction" StartDate="2013-02-17 12:53:59.920 CET" StructureHandle="/de.prob.worksheetWeb/src/main/java/de/prob/worksheet/ContextHistory.java" StructureKind="resource"/><InteractionEvent Delta="null" EndDate="2013-02-17 14:19:51.633 CET" Interest="1507.0" Kind="propagation" Navigation="null" OriginId="org.eclipse.jdt.ui.PackageExplorer" StartDate="2013-02-17 12:47:45.732 CET" StructureHandle="/de.prob.worksheetWeb/src/main/java/de/prob/worksheet/ContextHistory.java" StructureKind="resource" NumEvents="1507" CreationCount="2"/><InteractionEvent Delta="null" EndDate="2013-02-17 14:19:51.635 CET" Interest="1647.2471" Kind="propagation" Navigation="org.eclipse.mylyn.core.model.edges.containment" OriginId="org.eclipse.mylyn.core.model.interest.propagation" StartDate="2013-02-17 12:47:41.344 CET" StructureHandle="/" StructureKind="resource" NumEvents="1650" CreationCount="1"/><InteractionEvent Delta="null" EndDate="2013-02-17 14:19:50.649 CET" Interest="131.0" Kind="propagation" Navigation="org.eclipse.mylyn.core.model.edges.containment" OriginId="org.eclipse.mylyn.core.model.interest.propagation" StartDate="2013-02-17 13:44:28.971 CET" StructureHandle="/de.prob.worksheetWeb/src/main/java/de/prob/worksheet/api/evalStore" StructureKind="resource" NumEvents="131" CreationCount="1209"/><InteractionEvent Delta="null" EndDate="2013-02-17 12:47:41.344 CET" Interest="1.0" Kind="propagation" Navigation="null" OriginId="org.eclipse.jdt.ui.PackageExplorer" StartDate="2013-02-17 12:47:41.344 CET" StructureHandle="/de.prob.worksheetWeb/src/main/java/de/prob/worksheet/evaluator" StructureKind="resource"/><InteractionEvent Delta="null" EndDate="2013-02-17 13:02:01.527 CET" Interest="2.0" Kind="edit" Navigation="null" OriginId="org.eclipse.jdt.ui.CompilationUnitEditor" StartDate="2013-02-17 13:02:01.520 CET" StructureHandle="=de.prob.worksheetWeb/src\/main\/java&amp;lt;de.prob.worksheet{ContextHistory.java[ContextHistory~removeHistoryAfterInitial~QString;" StructureKind="java" NumEvents="2" CreationCount="323"/><InteractionEvent Delta="null" EndDate="2013-02-17 13:01:51.273 CET" Interest="1.0" Kind="selection" Navigation="null" OriginId="org.eclipse.jdt.ui.CompilationUnitEditor" StartDate="2013-02-17 13:01:51.273 CET" StructureHandle="=de.prob.worksheetWeb/src\/main\/java&amp;lt;de.prob.worksheet{ContextHistory.java[ContextHistory~removeHistoryAfterInitial~QString;" StructureKind="java"/><InteractionEvent Delta="null" EndDate="2013-02-17 14:16:16.321 CET" Interest="635.0" Kind="edit" Navigation="null" OriginId="org.eclipse.jdt.ui.CompilationUnitEditor" StartDate="2013-02-17 12:54:36.793 CET" StructureHandle="=de.prob.worksheetWeb/src\/main\/java&amp;lt;de.prob.worksheet{ContextHistory.java[ContextHistory~setContextsForId~QString;~QContextHistory;" StructureKind="java" NumEvents="635" CreationCount="194"/><InteractionEvent Delta="null" EndDate="2013-02-17 14:16:01.778 CET" Interest="19.0" Kind="selection" Navigation="null" OriginId="org.eclipse.jdt.ui.CompilationUnitEditor" StartDate="2013-02-17 12:54:10.714 CET" StructureHandle="=de.prob.worksheetWeb/src\/main\/java&amp;lt;de.prob.worksheet{ContextHistory.java[ContextHistory~setContextsForId~QString;~QContextHistory;" StructureKind="java" NumEvents="19" CreationCount="194"/><InteractionEvent Delta="null" EndDate="2013-02-17 13:59:34.248 CET" Interest="0.13900006" Kind="manipulation" Navigation="null" OriginId="org.eclipse.mylyn.core.model.interest.decay.correction" StartDate="2013-02-17 13:59:34.248 CET" StructureHandle="=de.prob.worksheetWeb/src\/test\/java&amp;lt;de.prob.worksheet{ContextHistoryTest.java[ContextHistoryTest~size" StructureKind="java"/><InteractionEvent Delta="null" EndDate="2013-02-17 13:59:34.248 CET" Interest="2.0" Kind="selection" Navigation="null" OriginId="org.eclipse.jdt.ui.CompilationUnitEditor" StartDate="2013-02-17 13:57:23.240 CET" StructureHandle="=de.prob.worksheetWeb/src\/test\/java&amp;lt;de.prob.worksheet{ContextHistoryTest.java[ContextHistoryTest~size" StructureKind="java" NumEvents="2" CreationCount="1477"/><InteractionEvent Delta="null" EndDate="2013-02-17 14:19:31.287 CET" Interest="547.0" Kind="propagation" Navigation="org.eclipse.mylyn.core.model.edges.containment" OriginId="org.eclipse.mylyn.core.model.interest.propagation" StartDate="2013-02-17 12:47:53.380 CET" StructureHandle="/de.prob.worksheetWeb/src/test/java" StructureKind="resource" NumEvents="547" CreationCount="4"/><InteractionEvent Delta="null" EndDate="2013-02-17 14:19:31.287 CET" Interest="547.0" Kind="propagation" Navigation="org.eclipse.mylyn.core.model.edges.containment" OriginId="org.eclipse.mylyn.core.model.interest.propagation" StartDate="2013-02-17 12:47:53.380 CET" StructureHandle="/de.prob.worksheetWeb/src/test/java/de" StructureKind="resource" NumEvents="547" CreationCount="4"/><InteractionEvent Delta="null" EndDate="2013-02-17 13:39:32.397 CET" Interest="11.0" Kind="edit" Navigation="null" OriginId="org.eclipse.jdt.ui.CompilationUnitEditor" StartDate="2013-02-17 13:14:28.741 CET" StructureHandle="=de.prob.worksheetWeb/src\/main\/java&amp;lt;de.prob.worksheet{ContextHistory.java[ContextHistory~getIndexForLastContext~QIContext;" StructureKind="java" NumEvents="11" CreationCount="808"/><InteractionEvent Delta="null" EndDate="2013-02-17 13:39:30.58 CET" Interest="3.0" Kind="selection" Navigation="null" OriginId="org.eclipse.jdt.ui.CompilationUnitEditor" StartDate="2013-02-17 13:14:27.24 CET" StructureHandle="=de.prob.worksheetWeb/src\/main\/java&amp;lt;de.prob.worksheet{ContextHistory.java[ContextHistory~getIndexForLastContext~QIContext;" StructureKind="java" NumEvents="3" CreationCount="808"/><InteractionEvent Delta="null" EndDate="2013-02-17 14:19:51.635 CET" Interest="1647.2471" Kind="propagation" Navigation="org.eclipse.mylyn.core.model.edges.containment" OriginId="org.eclipse.mylyn.core.model.interest.propagation" StartDate="2013-02-17 12:47:41.344 CET" StructureHandle="/de.prob.worksheetWeb/src/main" StructureKind="resource" NumEvents="1647" CreationCount="1"/><InteractionEvent Delta="null" EndDate="2013-02-17 14:03:56.650 CET" Interest="83.051" Kind="propagation" Navigation="org.eclipse.mylyn.core.model.edges.containment" OriginId="org.eclipse.mylyn.core.model.interest.propagation" StartDate="2013-02-17 13:44:37.814 CET" StructureHandle="=de.prob.worksheetWeb/src\/main\/java&amp;lt;de.prob.worksheet.api.evalStore{EvalStoreContext.java" StructureKind="java" NumEvents="120" CreationCount="1209"/><InteractionEvent Delta="null" EndDate="2013-02-17 14:19:50.648 CET" Interest="6.0" Kind="selection" Navigation="null" OriginId="org.eclipse.jdt.ui.PackageExplorer" StartDate="2013-02-17 13:44:28.971 CET" StructureHandle="=de.prob.worksheetWeb/src\/main\/java&amp;lt;de.prob.worksheet.api.evalStore{EvalStoreContext.java" StructureKind="java" NumEvents="6" CreationCount="1209"/><InteractionEvent Delta="null" EndDate="2013-02-17 14:19:50.649 CET" Interest="131.0" Kind="propagation" Navigation="null" OriginId="org.eclipse.jdt.ui.PackageExplorer" StartDate="2013-02-17 13:44:28.971 CET" StructureHandle="/de.prob.worksheetWeb/src/main/java/de/prob/worksheet/api/evalStore/EvalStoreContext.java" StructureKind="resource" NumEvents="131" CreationCount="1209"/><InteractionEvent Delta="null" EndDate="2013-02-17 14:03:56.648 CET" Interest="120.0" Kind="edit" Navigation="null" OriginId="org.eclipse.jdt.ui.CompilationUnitEditor" StartDate="2013-02-17 13:44:36.850 CET" StructureHandle="=de.prob.worksheetWeb/src\/main\/java&amp;lt;de.prob.worksheet.api.evalStore{EvalStoreContext.java[EvalStoreContext~getDuplicate" StructureKind="java" NumEvents="120" CreationCount="1212"/><InteractionEvent Delta="null" EndDate="2013-02-17 14:03:56.639 CET" Interest="4.0" Kind="selection" Navigation="null" OriginId="org.eclipse.jdt.ui.CompilationUnitEditor" StartDate="2013-02-17 13:44:36.314 CET" StructureHandle="=de.prob.worksheetWeb/src\/main\/java&amp;lt;de.prob.worksheet.api.evalStore{EvalStoreContext.java[EvalStoreContext~getDuplicate" StructureKind="java" NumEvents="4" CreationCount="1212"/><InteractionEvent Delta="null" EndDate="2013-02-17 14:19:31.289 CET" Interest="270.451" Kind="propagation" Navigation="org.eclipse.mylyn.core.model.edges.containment" OriginId="org.eclipse.mylyn.core.model.interest.propagation" StartDate="2013-02-17 12:47:53.382 CET" StructureHandle="=de.prob.worksheetWeb/src\/test\/java" StructureKind="java" NumEvents="386" CreationCount="4"/><InteractionEvent Delta="null" EndDate="2013-02-17 14:13:37.710 CET" Interest="26.0" Kind="edit" Navigation="null" OriginId="org.eclipse.jdt.ui.CompilationUnitEditor" StartDate="2013-02-17 13:07:14.743 CET" StructureHandle="=de.prob.worksheetWeb/src\/main\/java&amp;lt;de.prob.worksheet{ContextHistory.java[ContextHistory" StructureKind="java" NumEvents="26" CreationCount="194"/><InteractionEvent Delta="null" EndDate="2013-02-17 14:13:36.600 CET" Interest="14.0" Kind="selection" Navigation="null" OriginId="org.eclipse.jdt.ui.CompilationUnitEditor" StartDate="2013-02-17 13:01:05.506 CET" StructureHandle="=de.prob.worksheetWeb/src\/main\/java&amp;lt;de.prob.worksheet{ContextHistory.java[ContextHistory" StructureKind="java" NumEvents="14" CreationCount="194"/><InteractionEvent Delta="null" EndDate="2013-02-17 14:16:16.322 CET" Interest="431.30002" Kind="propagation" Navigation="org.eclipse.mylyn.core.model.edges.containment" OriginId="org.eclipse.mylyn.core.model.interest.propagation" StartDate="2013-02-17 12:54:10.715 CET" StructureHandle="=de.prob.worksheetWeb/src\/main\/java&amp;lt;de.prob.worksheet{ContextHistory.java[ContextHistory" StructureKind="java" NumEvents="615" CreationCount="194"/><InteractionEvent Delta="null" EndDate="2013-02-17 14:19:31.288 CET" Interest="263.75098" Kind="propagation" Navigation="org.eclipse.mylyn.core.model.edges.containment" OriginId="org.eclipse.mylyn.core.model.interest.propagation" StartDate="2013-02-17 12:48:23.178 CET" StructureHandle="=de.prob.worksheetWeb/src\/test\/java&amp;lt;de.prob.worksheet{ContextHistoryTest.java" StructureKind="java" NumEvents="377" CreationCount="4"/><InteractionEvent Delta="null" EndDate="2013-02-17 12:47:53.842 CET" Interest="1.0" Kind="edit" Navigation="null" OriginId="org.eclipse.jdt.ui.CompilationUnitEditor" StartDate="2013-02-17 12:47:53.842 CET" StructureHandle="=de.prob.worksheetWeb/src\/test\/java&amp;lt;de.prob.worksheet{ContextHistoryTest.java" StructureKind="java"/><InteractionEvent Delta="null" EndDate="2013-02-17 14:16:34.725 CET" Interest="6.0" Kind="selection" Navigation="null" OriginId="org.eclipse.jdt.ui.CompilationUnitEditor" StartDate="2013-02-17 12:47:53.379 CET" StructureHandle="=de.prob.worksheetWeb/src\/test\/java&amp;lt;de.prob.worksheet{ContextHistoryTest.java" StructureKind="java" NumEvents="6" CreationCount="4"/><InteractionEvent Delta="null" EndDate="2013-02-17 13:54:19.326 CET" Interest="0.20700002" Kind="manipulation" Navigation="null" OriginId="org.eclipse.mylyn.core.model.interest.decay.correction" StartDate="2013-02-17 13:54:19.326 CET" StructureHandle="=de.prob.worksheetWeb/src\/main\/java&amp;lt;de.prob.worksheet{ContextHistory.java[ContextHistory~getHistory" StructureKind="java"/><InteractionEvent Delta="null" EndDate="2013-02-17 13:54:19.326 CET" Interest="2.0" Kind="selection" Navigation="null" OriginId="org.eclipse.jdt.ui.CompilationUnitEditor" StartDate="2013-02-17 13:51:25.104 CET" StructureHandle="=de.prob.worksheetWeb/src\/main\/java&amp;lt;de.prob.worksheet{ContextHistory.java[ContextHistory~getHistory" StructureKind="java" NumEvents="2" CreationCount="1359"/><InteractionEvent Delta="null" EndDate="2013-02-17 14:19:31.287 CET" Interest="547.0" Kind="propagation" Navigation="null" OriginId="org.eclipse.jdt.ui.CompilationUnitEditor" StartDate="2013-02-17 12:47:53.380 CET" StructureHandle="/de.prob.worksheetWeb/src/test/java/de/prob/worksheet/ContextHistoryTest.java" StructureKind="resource" NumEvents="547" CreationCount="4"/><InteractionEvent Delta="null" EndDate="2013-02-17 14:19:51.635 CET" Interest="1647.2471" Kind="propagation" Navigation="org.eclipse.mylyn.core.model.edges.containment" OriginId="org.eclipse.mylyn.core.model.interest.propagation" StartDate="2013-02-17 12:47:41.344 CET" StructureHandle="=de.prob.worksheetWeb" StructureKind="resource" NumEvents="1650" CreationCount="1"/><InteractionEvent Delta="null" EndDate="2013-02-17 13:10:36.670 CET" Interest="96.0" Kind="edit" Navigation="null" OriginId="org.eclipse.jdt.ui.CompilationUnitEditor" StartDate="2013-02-17 13:07:23.889 CET" StructureHandle="=de.prob.worksheetWeb/src\/main\/java&amp;lt;de.prob.worksheet{ContextHistory.java[ContextHistory~removeContextsWithId~QString;" StructureKind="java" NumEvents="96" CreationCount="549"/><InteractionEvent Delta="null" EndDate="2013-02-17 13:54:28.250 CET" Interest="7.0" Kind="selection" Navigation="null" OriginId="org.eclipse.jdt.ui.CompilationUnitEditor" StartDate="2013-02-17 13:07:18.729 CET" StructureHandle="=de.prob.worksheetWeb/src\/main\/java&amp;lt;de.prob.worksheet{ContextHistory.java[ContextHistory~removeContextsWithId~QString;" StructureKind="java" NumEvents="7" CreationCount="549"/><InteractionEvent Delta="null" EndDate="2013-02-17 14:19:31.286 CET" Interest="372.0" Kind="edit" Navigation="null" OriginId="org.eclipse.jdt.ui.CompilationUnitEditor" StartDate="2013-02-17 12:48:09.949 CET" StructureHandle="=de.prob.worksheetWeb/src\/test\/java&amp;lt;de.prob.worksheet{ContextHistoryTest.java[ContextHistoryTest~getInitialContextForId" StructureKind="java" NumEvents="372" CreationCount="7"/><InteractionEvent Delta="null" EndDate="2013-02-17 14:16:35.41 CET" Interest="10.0" Kind="selection" Navigation="null" OriginId="org.eclipse.jdt.ui.CompilationUnitEditor" StartDate="2013-02-17 12:48:01.852 CET" StructureHandle="=de.prob.worksheetWeb/src\/test\/java&amp;lt;de.prob.worksheet{ContextHistoryTest.java[ContextHistoryTest~getInitialContextForId" StructureKind="java" NumEvents="10" CreationCount="7"/><InteractionEvent Delta="null" EndDate="2013-02-17 14:19:31.287 CET" Interest="547.0" Kind="propagation" Navigation="org.eclipse.mylyn.core.model.edges.containment" OriginId="org.eclipse.mylyn.core.model.interest.propagation" StartDate="2013-02-17 12:47:53.380 CET" StructureHandle="/de.prob.worksheetWeb/src/test/java/de/prob/worksheet" StructureKind="resource" NumEvents="547" CreationCount="4"/><InteractionEvent Delta="null" EndDate="2013-02-17 14:19:31.287 CET" Interest="270.4" Kind="propagation" Navigation="org.eclipse.mylyn.core.model.edges.containment" OriginId="org.eclipse.mylyn.core.model.interest.propagation" StartDate="2013-02-17 12:48:01.853 CET" StructureHandle="=de.prob.worksheetWeb/src\/test\/java&amp;lt;de.prob.worksheet{ContextHistoryTest.java[ContextHistoryTest" StructureKind="java" NumEvents="382" CreationCount="7"/><InteractionEvent Delta="null" EndDate="2013-02-17 14:19:51.634 CET" Interest="467.781" Kind="propagation" Navigation="org.eclipse.mylyn.core.model.edges.containment" OriginId="org.eclipse.mylyn.core.model.interest.propagation" StartDate="2013-02-17 12:47:41.345 CET" StructureHandle="=de.prob.worksheetWeb/src\/main\/java" StructureKind="java" NumEvents="683" CreationCount="1"/><InteractionEvent Delta="null" EndDate="2013-02-17 14:03:56.649 CET" Interest="87.017006" Kind="propagation" Navigation="org.eclipse.mylyn.core.model.edges.containment" OriginId="org.eclipse.mylyn.core.model.interest.propagation" StartDate="2013-02-17 13:44:36.315 CET" StructureHandle="=de.prob.worksheetWeb/src\/main\/java&amp;lt;de.prob.worksheet.api.evalStore{EvalStoreContext.java[EvalStoreContext" StructureKind="java" NumEvents="124" CreationCount="1211"/><InteractionEvent Delta="null" EndDate="2013-02-17 13:44:35.491 CET" Interest="1.0" Kind="selection" Navigation="null" OriginId="org.eclipse.jdt.ui.CompilationUnitEditor" StartDate="2013-02-17 13:44:35.491 CET" StructureHandle="=de.prob.worksheetWeb/src\/main\/java&amp;lt;de.prob.worksheet.api.evalStore{EvalStoreContext.java[EvalStoreContext" StructureKind="java"/><InteractionEvent Delta="null" EndDate="2013-02-17 14:19:51.635 CET" Interest="1647.2471" Kind="propagation" Navigation="null" OriginId="org.eclipse.jdt.ui.PackageExplorer" StartDate="2013-02-17 12:47:41.344 CET" StructureHandle="/de.prob.worksheetWeb/src/main/java" StructureKind="resource" NumEvents="1647" CreationCount="1"/><InteractionEvent Delta="null" EndDate="2013-02-17 14:19:31.287 CET" Interest="547.0" Kind="propagation" Navigation="org.eclipse.mylyn.core.model.edges.containment" OriginId="org.eclipse.mylyn.core.model.interest.propagation" StartDate="2013-02-17 12:47:53.381 CET" StructureHandle="/de.prob.worksheetWeb/src/test" StructureKind="resource" NumEvents="547" CreationCount="4"/><InteractionEvent Delta="null" EndDate="2013-02-17 14:04:19.130 CET" Interest="224.0" Kind="edit" Navigation="null" OriginId="org.eclipse.jdt.ui.CompilationUnitEditor" StartDate="2013-02-17 13:01:27.172 CET" StructureHandle="=de.prob.worksheetWeb/src\/main\/java&amp;lt;de.prob.worksheet{ContextHistory.java[ContextHistory~getIndexForLastContextBinding~QIContext;" StructureKind="java" NumEvents="224" CreationCount="304"/><InteractionEvent Delta="null" EndDate="2013-02-17 14:04:18.838 CET" Interest="19.0" Kind="selection" Navigation="null" OriginId="org.eclipse.ui.views.ContentOutline" StartDate="2013-02-17 13:01:18.544 CET" StructureHandle="=de.prob.worksheetWeb/src\/main\/java&amp;lt;de.prob.worksheet{ContextHistory.java[ContextHistory~getIndexForLastContextBinding~QIContext;" StructureKind="java" NumEvents="19" CreationCount="304"/><InteractionEvent Delta="null" EndDate="2013-02-17 14:19:51.635 CET" Interest="1647.2471" Kind="propagation" Navigation="org.eclipse.mylyn.core.model.edges.containment" OriginId="org.eclipse.mylyn.core.model.interest.propagation" StartDate="2013-02-17 12:47:41.344 CET" StructureHandle="/de.prob.worksheetWeb/src" StructureKind="resource" NumEvents="1650" CreationCount="1"/><InteractionEvent Delta="null" EndDate="2013-02-17 14:03:53.823 CET" Interest="10.098001" Kind="propagation" Navigation="org.eclipse.mylyn.core.model.edges.containment" OriginId="org.eclipse.mylyn.core.model.interest.propagation" StartDate="2013-02-17 13:44:18.853 CET" StructureHandle="=de.prob.worksheetWeb/src\/main\/java&amp;lt;de.prob.worksheet{IContext.java[IContext" StructureKind="java" NumEvents="5" CreationCount="1205"/><InteractionEvent Delta="null" EndDate="2013-02-17 14:19:50.649 CET" Interest="89.051" Kind="propagation" Navigation="org.eclipse.mylyn.core.model.edges.containment" OriginId="org.eclipse.mylyn.core.model.interest.propagation" StartDate="2013-02-17 13:44:28.972 CET" StructureHandle="=de.prob.worksheetWeb/src\/main\/java&amp;lt;de.prob.worksheet.api.evalStore" StructureKind="java" NumEvents="127" CreationCount="1209"/><InteractionEvent Delta="null" EndDate="2013-02-17 14:13:42.229 CET" Interest="1.0" Kind="selection" Navigation="null" OriginId="org.eclipse.jdt.ui.CompilationUnitEditor" StartDate="2013-02-17 14:13:42.229 CET" StructureHandle="=de.prob.worksheetWeb/src\/main\/java&amp;lt;de.prob.worksheet{ContextHistory.java[ContextHistory~iterator" StructureKind="java"/><InteractionEvent Delta="null" EndDate="2013-02-17 14:19:51.634 CET" Interest="1516.2471" Kind="propagation" Navigation="org.eclipse.mylyn.core.model.edges.containment" OriginId="org.eclipse.mylyn.core.model.interest.propagation" StartDate="2013-02-17 12:47:41.344 CET" StructureHandle="/de.prob.worksheetWeb/src/main/java/de/prob" StructureKind="resource" NumEvents="1516" CreationCount="1"/><InteractionEvent Delta="null" EndDate="2013-02-17 12:53:59.919 CET" Interest="1.213" Kind="manipulation" Navigation="null" OriginId="org.eclipse.mylyn.core.model.interest.decay.correction" StartDate="2013-02-17 12:53:59.919 CET" StructureHandle="=de.prob.worksheetWeb/src\/main\/java&amp;lt;de.prob.worksheet{ContextHistory.java" StructureKind="java"/><InteractionEvent Delta="null" EndDate="2013-02-17 13:10:30.459 CET" Interest="3.0" Kind="edit" Navigation="null" OriginId="org.eclipse.jdt.ui.CompilationUnitEditor" StartDate="2013-02-17 13:10:29.904 CET" StructureHandle="=de.prob.worksheetWeb/src\/main\/java&amp;lt;de.prob.worksheet{ContextHistory.java" StructureKind="java" NumEvents="3" CreationCount="2"/><InteractionEvent Delta="null" EndDate="2013-02-17 14:16:16.322 CET" Interest="457.45102" Kind="propagation" Navigation="org.eclipse.mylyn.core.model.edges.containment" OriginId="org.eclipse.mylyn.core.model.interest.propagation" StartDate="2013-02-17 12:54:37.408 CET" StructureHandle="=de.prob.worksheetWeb/src\/main\/java&amp;lt;de.prob.worksheet{ContextHistory.java" StructureKind="java" NumEvents="655" CreationCount="2"/><InteractionEvent Delta="null" EndDate="2013-02-17 14:19:51.633 CET" Interest="7.0" Kind="selection" Navigation="null" OriginId="org.eclipse.jdt.ui.PackageExplorer" StartDate="2013-02-17 12:47:45.731 CET" StructureHandle="=de.prob.worksheetWeb/src\/main\/java&amp;lt;de.prob.worksheet{ContextHistory.java" StructureKind="java" NumEvents="7" CreationCount="2"/></InteractionHistory>