<?xml version="1.0" encoding="UTF-8"?><InteractionHistory Id="local-43" Version="1"><InteractionEvent Delta="null" EndDate="2013-02-17 12:47:11.530 CET" Interest="7.0490003" Kind="propagation" Navigation="org.eclipse.mylyn.core.model.edges.containment" OriginId="org.eclipse.mylyn.core.model.interest.propagation" StartDate="2013-02-17 12:31:06.89 CET" StructureHandle="/de.prob.worksheetWeb/src/main/java/de/prob/worksheet/api" StructureKind="resource" NumEvents="6" CreationCount="191"/><InteractionEvent Delta="null" EndDate="2013-02-17 12:31:07.43 CET" Interest="2.0" Kind="edit" Navigation="null" OriginId="org.eclipse.jdt.ui.CompilationUnitEditor" StartDate="2013-02-17 12:31:06.539 CET" StructureHandle="=de.prob.worksheetWeb/src\/main\/java&amp;lt;de.prob.worksheet.api.evalStore{EvalStoreAPI.java[EvalStoreAPI~getStoreValues" StructureKind="java" NumEvents="2" CreationCount="192"/><InteractionEvent Delta="null" EndDate="2013-02-17 12:31:06.449 CET" Interest="1.0" Kind="selection" Navigation="null" OriginId="org.eclipse.jdt.ui.CompilationUnitEditor" StartDate="2013-02-17 12:31:06.449 CET" StructureHandle="=de.prob.worksheetWeb/src\/main\/java&amp;lt;de.prob.worksheet.api.evalStore{EvalStoreAPI.java[EvalStoreAPI~getStoreValues" StructureKind="java"/><InteractionEvent Delta="null" EndDate="2013-02-17 12:13:58.925 CET" Interest="1.391" Kind="propagation" Navigation="org.eclipse.mylyn.core.model.edges.containment" OriginId="org.eclipse.mylyn.core.model.interest.propagation" StartDate="2013-02-17 12:09:12.884 CET" StructureHandle="=de.prob.worksheetWeb/src\/main\/java&amp;lt;de.prob.worksheet.block" StructureKind="java" NumEvents="2" CreationCount="82"/><InteractionEvent Delta="null" EndDate="2013-02-17 12:13:58.924 CET" Interest="1.0" Kind="selection" Navigation="null" OriginId="org.eclipse.jdt.ui.PackageExplorer" StartDate="2013-02-17 12:13:58.924 CET" StructureHandle="=de.prob.worksheetWeb/src\/main\/java&amp;lt;de.prob.worksheet.block{InitializeStoreBlock.java" StructureKind="java"/><InteractionEvent Delta="null" EndDate="2013-02-17 12:42:03.369 CET" Interest="355.39398" Kind="propagation" Navigation="org.eclipse.mylyn.core.model.edges.containment" OriginId="org.eclipse.mylyn.core.model.interest.propagation" StartDate="2013-02-17 00:28:42.715 CET" StructureHandle="/de.prob.worksheetWeb/src/main/java/de" StructureKind="resource" NumEvents="356" CreationCount="1"/><InteractionEvent Delta="null" EndDate="2013-02-17 12:16:25.825 CET" Interest="1.0" Kind="selection" Navigation="null" OriginId="org.eclipse.jdt.ui.PackageExplorer" StartDate="2013-02-17 12:16:25.825 CET" StructureHandle="=de.prob.worksheetWeb/src\/main\/java&amp;lt;de.prob.worksheet.evaluator" StructureKind="java"/><InteractionEvent Delta="null" EndDate="2013-02-17 12:42:03.369 CET" Interest="192.61699" Kind="propagation" Navigation="org.eclipse.mylyn.core.model.edges.containment" OriginId="org.eclipse.mylyn.core.model.interest.propagation" StartDate="2013-02-17 00:28:42.716 CET" StructureHandle="=de.prob.worksheetWeb/src\/main\/java&amp;lt;de.prob.worksheet.evaluator" StructureKind="java" NumEvents="275" CreationCount="1"/><InteractionEvent Delta="null" EndDate="2013-02-17 12:13:58.924 CET" Interest="1.0" Kind="propagation" Navigation="null" OriginId="org.eclipse.jdt.ui.PackageExplorer" StartDate="2013-02-17 12:13:58.924 CET" StructureHandle="/de.prob.worksheetWeb/src/main/java/de/prob/worksheet/block/InitializeStoreBlock.java" StructureKind="resource"/><InteractionEvent Delta="null" EndDate="2013-02-17 12:33:50.208 CET" Interest="40.0" Kind="edit" Navigation="null" OriginId="org.eclipse.jdt.ui.CompilationUnitEditor" StartDate="2013-02-17 12:12:25.277 CET" StructureHandle="=de.prob.worksheetWeb/src\/main\/java&amp;lt;de.prob.worksheet.evaluator.evalStore{StateEvaluator.java[StateEvaluator~setInitialContext~QIContext;" StructureKind="java" NumEvents="40" CreationCount="84"/><InteractionEvent Delta="null" EndDate="2013-02-17 12:33:50.150 CET" Interest="7.0" Kind="selection" Navigation="null" OriginId="org.eclipse.jdt.ui.CompilationUnitEditor" StartDate="2013-02-17 12:12:25.182 CET" StructureHandle="=de.prob.worksheetWeb/src\/main\/java&amp;lt;de.prob.worksheet.evaluator.evalStore{StateEvaluator.java[StateEvaluator~setInitialContext~QIContext;" StructureKind="java" NumEvents="7" CreationCount="84"/><InteractionEvent Delta="null" EndDate="2013-02-17 12:23:52.601 CET" Interest="1.0" Kind="selection" Navigation="null" OriginId="org.eclipse.jdt.ui.PackageExplorer" StartDate="2013-02-17 12:23:52.601 CET" StructureHandle="=de.prob.worksheetWeb/src\/main\/java&amp;lt;de.prob.worksheet.evaluator.classicalB" StructureKind="java"/><InteractionEvent Delta="null" EndDate="2013-02-17 12:35:44.548 CET" Interest="166.0" Kind="propagation" Navigation="null" OriginId="org.eclipse.jdt.ui.CompilationUnitEditor" StartDate="2013-02-17 12:12:24.846 CET" StructureHandle="/de.prob.worksheetWeb/src/main/java/de/prob/worksheet/evaluator/evalStore/StateEvaluator.java" StructureKind="resource" NumEvents="166" CreationCount="83"/><InteractionEvent Delta="null" EndDate="2013-02-17 12:35:44.550 CET" Interest="177.241" Kind="propagation" Navigation="null" OriginId="org.eclipse.jdt.ui.CompilationUnitEditor" StartDate="2013-02-17 12:07:19.842 CET" StructureHandle="/de.prob.worksheetWeb/src/main/java/de/prob/worksheet/evaluator/evalStore" StructureKind="resource" NumEvents="177" CreationCount="10"/><InteractionEvent Delta="null" EndDate="2013-02-17 12:42:03.369 CET" Interest="355.39398" Kind="propagation" Navigation="org.eclipse.mylyn.core.model.edges.containment" OriginId="org.eclipse.mylyn.core.model.interest.propagation" StartDate="2013-02-17 00:28:42.715 CET" StructureHandle="/de.prob.worksheetWeb/src/main/java/de/prob/worksheet" StructureKind="resource" NumEvents="356" CreationCount="1"/><InteractionEvent Delta="null" EndDate="2013-02-17 12:47:11.532 CET" Interest="492.0" Kind="propagation" Navigation="org.eclipse.mylyn.core.model.edges.containment" OriginId="org.eclipse.mylyn.core.model.interest.propagation" StartDate="2013-02-17 00:28:42.716 CET" StructureHandle="/" StructureKind="resource" NumEvents="492" CreationCount="1"/><InteractionEvent Delta="null" EndDate="2013-02-17 12:09:12.883 CET" Interest="1.0" Kind="propagation" Navigation="null" OriginId="org.eclipse.jdt.ui.PackageExplorer" StartDate="2013-02-17 12:09:12.883 CET" StructureHandle="/de.prob.worksheetWeb/src/main/java/de/prob/worksheet/block/StoreValuesBlock.java" StructureKind="resource"/><InteractionEvent Delta="null" EndDate="2013-02-17 12:47:11.530 CET" Interest="7.0490003" Kind="propagation" Navigation="org.eclipse.mylyn.core.model.edges.containment" OriginId="org.eclipse.mylyn.core.model.interest.propagation" StartDate="2013-02-17 12:31:06.89 CET" StructureHandle="/de.prob.worksheetWeb/src/main/java/de/prob/worksheet/api/evalStore" StructureKind="resource" NumEvents="6" CreationCount="191"/><InteractionEvent Delta="null" EndDate="2013-02-17 12:31:07.45 CET" Interest="4.0" Kind="propagation" Navigation="null" OriginId="org.eclipse.jdt.ui.CompilationUnitEditor" StartDate="2013-02-17 12:31:06.89 CET" StructureHandle="/de.prob.worksheetWeb/src/main/java/de/prob/worksheet/api/evalStore/EvalStoreAPI.java" StructureKind="resource" NumEvents="4" CreationCount="191"/><InteractionEvent Delta="null" EndDate="2013-02-17 12:42:03.369 CET" Interest="355.39398" Kind="propagation" Navigation="null" OriginId="org.eclipse.jdt.ui.CompilationUnitEditor" StartDate="2013-02-17 00:28:42.714 CET" StructureHandle="/de.prob.worksheetWeb/src/main/java/de/prob/worksheet/evaluator" StructureKind="resource" NumEvents="356" CreationCount="1"/><InteractionEvent Delta="null" EndDate="2013-02-17 12:40:28.360 CET" Interest="4.3890004" Kind="manipulation" Navigation="null" OriginId="org.eclipse.mylyn.core.model.interest.decay.correction" StartDate="2013-02-17 12:40:28.360 CET" StructureHandle="=de.prob.worksheetWeb/src\/main\/java&amp;lt;de.prob.worksheet.evaluator{DocumentEvaluator.java" StructureKind="java"/><InteractionEvent Delta="null" EndDate="2013-02-17 12:40:28.360 CET" Interest="2.0" Kind="selection" Navigation="null" OriginId="org.eclipse.jdt.ui.PackageExplorer" StartDate="2013-02-17 12:23:55.727 CET" StructureHandle="=de.prob.worksheetWeb/src\/main\/java&amp;lt;de.prob.worksheet.evaluator{DocumentEvaluator.java" StructureKind="java" NumEvents="2" CreationCount="169"/><InteractionEvent Delta="null" EndDate="2013-02-17 12:36:10.950 CET" Interest="3.0" Kind="edit" Navigation="null" OriginId="org.eclipse.jdt.ui.CompilationUnitEditor" StartDate="2013-02-17 12:33:46.496 CET" StructureHandle="=de.prob.worksheetWeb/src\/main\/java&amp;lt;de.prob.worksheet.evaluator{BlockEvaluator.java[BlockEvaluator~evaluateScript~QIWorksheetEvaluator;~QString;" StructureKind="java" NumEvents="3" CreationCount="198"/><InteractionEvent Delta="null" EndDate="2013-02-17 12:36:10.900 CET" Interest="2.0" Kind="selection" Navigation="null" OriginId="org.eclipse.jdt.ui.CompilationUnitEditor" StartDate="2013-02-17 12:33:46.418 CET" StructureHandle="=de.prob.worksheetWeb/src\/main\/java&amp;lt;de.prob.worksheet.evaluator{BlockEvaluator.java[BlockEvaluator~evaluateScript~QIWorksheetEvaluator;~QString;" StructureKind="java" NumEvents="2" CreationCount="198"/><InteractionEvent Delta="null" EndDate="2013-02-17 12:34:33.342 CET" Interest="4.0" Kind="edit" Navigation="null" OriginId="org.eclipse.jdt.ui.CompilationUnitEditor" StartDate="2013-02-17 12:34:14.210 CET" StructureHandle="=de.prob.worksheetWeb/src\/main\/java&amp;lt;de.prob.worksheet.evaluator.evalStore{StateEvaluator.java[StateEvaluator~evaluateScript~QString;" StructureKind="java" NumEvents="4" CreationCount="209"/><InteractionEvent Delta="null" EndDate="2013-02-17 12:34:14.165 CET" Interest="1.0" Kind="selection" Navigation="null" OriginId="org.eclipse.jdt.ui.CompilationUnitEditor" StartDate="2013-02-17 12:34:14.165 CET" StructureHandle="=de.prob.worksheetWeb/src\/main\/java&amp;lt;de.prob.worksheet.evaluator.evalStore{StateEvaluator.java[StateEvaluator~evaluateScript~QString;" StructureKind="java"/><InteractionEvent Delta="null" EndDate="2013-02-17 12:42:03.367 CET" Interest="193.59999" Kind="propagation" Navigation="org.eclipse.mylyn.core.model.edges.containment" OriginId="org.eclipse.mylyn.core.model.interest.propagation" StartDate="2013-02-17 00:28:43.8 CET" StructureHandle="=de.prob.worksheetWeb/src\/main\/java&amp;lt;de.prob.worksheet.evaluator{BlockEvaluator.java[BlockEvaluator" StructureKind="java" NumEvents="274" CreationCount="2"/><InteractionEvent Delta="null" EndDate="2013-02-17 12:35:02.839 CET" Interest="43.809998" Kind="propagation" Navigation="org.eclipse.mylyn.core.model.edges.containment" OriginId="org.eclipse.mylyn.core.model.interest.propagation" StartDate="2013-02-17 12:12:25.183 CET" StructureHandle="=de.prob.worksheetWeb/src\/main\/java&amp;lt;de.prob.worksheet.evaluator.evalStore{StateEvaluator.java[StateEvaluator" StructureKind="java" NumEvents="60" CreationCount="84"/><InteractionEvent Delta="null" EndDate="2013-02-17 12:25:59.836 CET" Interest="5.5" Kind="propagation" Navigation="org.eclipse.mylyn.core.model.edges.containment" OriginId="org.eclipse.mylyn.core.model.interest.propagation" StartDate="2013-02-17 12:20:11.938 CET" StructureHandle="=de.prob.worksheetWeb/src\/main\/java&amp;lt;de.prob.worksheet.evaluator.evalStore{HistoryListener.java[HistoryListener" StructureKind="java" NumEvents="7" CreationCount="133"/><InteractionEvent Delta="null" EndDate="2013-02-17 12:35:02.841 CET" Interest="36.827" Kind="propagation" Navigation="org.eclipse.mylyn.core.model.edges.containment" OriginId="org.eclipse.mylyn.core.model.interest.propagation" StartDate="2013-02-17 12:12:25.184 CET" StructureHandle="=de.prob.worksheetWeb/src\/main\/java&amp;lt;de.prob.worksheet.evaluator.evalStore{StateEvaluator.java" StructureKind="java" NumEvents="54" CreationCount="83"/><InteractionEvent Delta="null" EndDate="2013-02-17 12:33:50.36 CET" Interest="7.0" Kind="selection" Navigation="null" OriginId="org.eclipse.jdt.ui.CompilationUnitEditor" StartDate="2013-02-17 12:12:24.845 CET" StructureHandle="=de.prob.worksheetWeb/src\/main\/java&amp;lt;de.prob.worksheet.evaluator.evalStore{StateEvaluator.java" StructureKind="java" NumEvents="7" CreationCount="83"/><InteractionEvent Delta="null" EndDate="2013-02-17 12:25:59.835 CET" Interest="5.0" Kind="edit" Navigation="null" OriginId="org.eclipse.jdt.ui.CompilationUnitEditor" StartDate="2013-02-17 12:20:11.992 CET" StructureHandle="=de.prob.worksheetWeb/src\/main\/java&amp;lt;de.prob.worksheet.evaluator.evalStore{HistoryListener.java[HistoryListener~notify~QIWorksheetEvent;" StructureKind="java" NumEvents="5" CreationCount="133"/><InteractionEvent Delta="null" EndDate="2013-02-17 12:25:59.822 CET" Interest="2.0" Kind="selection" Navigation="null" OriginId="org.eclipse.jdt.ui.CompilationUnitEditor" StartDate="2013-02-17 12:20:11.938 CET" StructureHandle="=de.prob.worksheetWeb/src\/main\/java&amp;lt;de.prob.worksheet.evaluator.evalStore{HistoryListener.java[HistoryListener~notify~QIWorksheetEvent;" StructureKind="java" NumEvents="2" CreationCount="133"/><InteractionEvent Delta="null" EndDate="2013-02-17 12:47:11.532 CET" Interest="492.0" Kind="propagation" Navigation="org.eclipse.mylyn.core.model.edges.containment" OriginId="org.eclipse.mylyn.core.model.interest.propagation" StartDate="2013-02-17 00:28:42.715 CET" StructureHandle="/de.prob.worksheetWeb/src/main" StructureKind="resource" NumEvents="492" CreationCount="1"/><InteractionEvent Delta="null" EndDate="2013-02-17 12:25:59.837 CET" Interest="2.534" Kind="propagation" Navigation="org.eclipse.mylyn.core.model.edges.containment" OriginId="org.eclipse.mylyn.core.model.interest.propagation" StartDate="2013-02-17 12:20:12.504 CET" StructureHandle="=de.prob.worksheetWeb/src\/main\/java&amp;lt;de.prob.worksheet.evaluator.evalStore{HistoryListener.java" StructureKind="java" NumEvents="5" CreationCount="131"/><InteractionEvent Delta="null" EndDate="2013-02-17 12:25:59.692 CET" Interest="3.0" Kind="selection" Navigation="null" OriginId="org.eclipse.jdt.ui.CompilationUnitEditor" StartDate="2013-02-17 12:20:06.570 CET" StructureHandle="=de.prob.worksheetWeb/src\/main\/java&amp;lt;de.prob.worksheet.evaluator.evalStore{HistoryListener.java" StructureKind="java" NumEvents="3" CreationCount="131"/><InteractionEvent Delta="null" EndDate="2013-02-17 12:47:11.530 CET" Interest="2.0" Kind="propagation" Navigation="null" OriginId="org.eclipse.jdt.ui.PackageExplorer" StartDate="2013-02-17 12:40:28.456 CET" StructureHandle="/de.prob.worksheetWeb/src/main/java/de/prob/worksheet/api/evalStore/EvalStoreContext.java" StructureKind="resource" NumEvents="2" CreationCount="488"/><InteractionEvent Delta="null" EndDate="2013-02-17 12:09:12.882 CET" Interest="1.0" Kind="selection" Navigation="null" OriginId="org.eclipse.jdt.ui.PackageExplorer" StartDate="2013-02-17 12:09:12.882 CET" StructureHandle="=de.prob.worksheetWeb/src\/main\/java&amp;lt;de.prob.worksheet.block{StoreValuesBlock.java" StructureKind="java"/><InteractionEvent Delta="null" EndDate="2013-02-17 12:23:11.227 CET" Interest="2.0" Kind="edit" Navigation="null" OriginId="org.eclipse.jdt.ui.CompilationUnitEditor" StartDate="2013-02-17 12:23:10.722 CET" StructureHandle="=de.prob.worksheetWeb/src\/main\/java&amp;lt;de.prob.worksheet.evaluator.evalStore{StateEvaluator.java[StateEvaluator~setImport~QEvalStoreAPI;" StructureKind="java" NumEvents="2" CreationCount="162"/><InteractionEvent Delta="null" EndDate="2013-02-17 12:23:10.518 CET" Interest="1.0" Kind="selection" Navigation="null" OriginId="org.eclipse.jdt.ui.CompilationUnitEditor" StartDate="2013-02-17 12:23:10.518 CET" StructureHandle="=de.prob.worksheetWeb/src\/main\/java&amp;lt;de.prob.worksheet.evaluator.evalStore{StateEvaluator.java[StateEvaluator~setImport~QEvalStoreAPI;" StructureKind="java"/><InteractionEvent Delta="null" EndDate="2013-02-17 12:47:11.532 CET" Interest="492.0" Kind="propagation" Navigation="org.eclipse.mylyn.core.model.edges.containment" OriginId="org.eclipse.mylyn.core.model.interest.propagation" StartDate="2013-02-17 00:28:42.715 CET" StructureHandle="=de.prob.worksheetWeb" StructureKind="resource" NumEvents="492" CreationCount="1"/><InteractionEvent Delta="null" EndDate="2013-02-17 12:07:19.842 CET" Interest="1.0" Kind="propagation" Navigation="null" OriginId="org.eclipse.jdt.ui.PackageExplorer" StartDate="2013-02-17 12:07:19.842 CET" StructureHandle="/de.prob.worksheetWeb/src/main/java/de/prob/worksheet/evaluator/evalStore/ErrorListener.java" StructureKind="resource"/><InteractionEvent Delta="null" EndDate="2013-02-17 12:23:52.601 CET" Interest="1.0" Kind="propagation" Navigation="null" OriginId="org.eclipse.jdt.ui.PackageExplorer" StartDate="2013-02-17 12:23:52.601 CET" StructureHandle="/de.prob.worksheetWeb/src/main/java/de/prob/worksheet/evaluator/classicalB" StructureKind="resource"/><InteractionEvent Delta="null" EndDate="2013-02-17 12:34:14.47 CET" Interest="4.0" Kind="edit" Navigation="null" OriginId="org.eclipse.jdt.ui.CompilationUnitEditor" StartDate="2013-02-17 12:33:50.408 CET" StructureHandle="=de.prob.worksheetWeb/src\/main\/java&amp;lt;de.prob.worksheet.evaluator.evalStore{StateEvaluator.java[StateEvaluator~evaluate~QString;" StructureKind="java" NumEvents="4" CreationCount="204"/><InteractionEvent Delta="null" EndDate="2013-02-17 12:33:50.323 CET" Interest="1.0" Kind="selection" Navigation="null" OriginId="org.eclipse.jdt.ui.CompilationUnitEditor" StartDate="2013-02-17 12:33:50.323 CET" StructureHandle="=de.prob.worksheetWeb/src\/main\/java&amp;lt;de.prob.worksheet.evaluator.evalStore{StateEvaluator.java[StateEvaluator~evaluate~QString;" StructureKind="java"/><InteractionEvent Delta="null" EndDate="2013-02-17 12:25:59.837 CET" Interest="10.0" Kind="propagation" Navigation="null" OriginId="org.eclipse.jdt.ui.CompilationUnitEditor" StartDate="2013-02-17 12:20:06.570 CET" StructureHandle="/de.prob.worksheetWeb/src/main/java/de/prob/worksheet/evaluator/evalStore/HistoryListener.java" StructureKind="resource" NumEvents="10" CreationCount="131"/><InteractionEvent Delta="null" EndDate="2013-02-17 12:40:28.361 CET" Interest="4.406" Kind="manipulation" Navigation="null" OriginId="org.eclipse.mylyn.core.model.interest.decay.correction" StartDate="2013-02-17 12:40:28.361 CET" StructureHandle="/de.prob.worksheetWeb/src/main/java/de/prob/worksheet/evaluator/DocumentEvaluator.java" StructureKind="resource"/><InteractionEvent Delta="null" EndDate="2013-02-17 12:40:28.361 CET" Interest="2.0" Kind="propagation" Navigation="null" OriginId="org.eclipse.jdt.ui.PackageExplorer" StartDate="2013-02-17 12:23:55.727 CET" StructureHandle="/de.prob.worksheetWeb/src/main/java/de/prob/worksheet/evaluator/DocumentEvaluator.java" StructureKind="resource" NumEvents="2" CreationCount="169"/><InteractionEvent Delta="null" EndDate="2013-02-17 12:07:19.841 CET" Interest="1.0" Kind="selection" Navigation="null" OriginId="org.eclipse.jdt.ui.PackageExplorer" StartDate="2013-02-17 12:07:19.841 CET" StructureHandle="=de.prob.worksheetWeb/src\/main\/java&amp;lt;de.prob.worksheet.evaluator.evalStore{ErrorListener.java" StructureKind="java"/><InteractionEvent Delta="null" EndDate="2013-02-17 12:33:46.304 CET" Interest="8.0" Kind="edit" Navigation="null" OriginId="org.eclipse.jdt.ui.CompilationUnitEditor" StartDate="2013-02-17 12:22:04.380 CET" StructureHandle="=de.prob.worksheetWeb/src\/main\/java&amp;lt;de.prob.worksheet.evaluator{BlockEvaluator.java[BlockEvaluator~initializeEvaluator~QString;~QIContext;" StructureKind="java" NumEvents="8" CreationCount="141"/><InteractionEvent Delta="null" EndDate="2013-02-17 12:33:46.241 CET" Interest="4.0" Kind="selection" Navigation="null" OriginId="org.eclipse.jdt.ui.CompilationUnitEditor" StartDate="2013-02-17 12:21:54.69 CET" StructureHandle="=de.prob.worksheetWeb/src\/main\/java&amp;lt;de.prob.worksheet.evaluator{BlockEvaluator.java[BlockEvaluator~initializeEvaluator~QString;~QIContext;" StructureKind="java" NumEvents="4" CreationCount="141"/><InteractionEvent Delta="null" EndDate="2013-02-17 12:42:03.366 CET" Interest="268.0" Kind="edit" Navigation="null" OriginId="org.eclipse.jdt.ui.CompilationUnitEditor" StartDate="2013-02-17 00:28:43.243 CET" StructureHandle="=de.prob.worksheetWeb/src\/main\/java&amp;lt;de.prob.worksheet.evaluator{BlockEvaluator.java[BlockEvaluator~evaluate~QWorksheetDocument;~QIBlock;~QContextHistory;" StructureKind="java" NumEvents="268" CreationCount="2"/><InteractionEvent Delta="null" EndDate="2013-02-17 12:42:02.542 CET" Interest="6.0" Kind="selection" Navigation="null" OriginId="org.eclipse.jdt.ui.CompilationUnitEditor" StartDate="2013-02-17 00:28:43.7 CET" StructureHandle="=de.prob.worksheetWeb/src\/main\/java&amp;lt;de.prob.worksheet.evaluator{BlockEvaluator.java[BlockEvaluator~evaluate~QWorksheetDocument;~QIBlock;~QContextHistory;" StructureKind="java" NumEvents="6" CreationCount="2"/><InteractionEvent Delta="null" EndDate="2013-02-17 12:42:03.367 CET" Interest="303.0" Kind="propagation" Navigation="null" OriginId="org.eclipse.jdt.ui.CompilationUnitEditor" StartDate="2013-02-17 00:28:42.714 CET" StructureHandle="/de.prob.worksheetWeb/src/main/java/de/prob/worksheet/evaluator/BlockEvaluator.java" StructureKind="resource" NumEvents="303" CreationCount="1"/><InteractionEvent Delta="null" EndDate="2013-02-17 12:13:58.924 CET" Interest="1.391" Kind="propagation" Navigation="org.eclipse.mylyn.core.model.edges.containment" OriginId="org.eclipse.mylyn.core.model.interest.propagation" StartDate="2013-02-17 12:09:12.883 CET" StructureHandle="/de.prob.worksheetWeb/src/main/java/de/prob/worksheet/block" StructureKind="resource" NumEvents="2" CreationCount="82"/><InteractionEvent Delta="null" EndDate="2013-02-17 12:42:03.370 CET" Interest="193.61699" Kind="propagation" Navigation="org.eclipse.mylyn.core.model.edges.containment" OriginId="org.eclipse.mylyn.core.model.interest.propagation" StartDate="2013-02-17 00:28:42.717 CET" StructureHandle="=de.prob.worksheetWeb/src\/main\/java" StructureKind="java" NumEvents="276" CreationCount="1"/><InteractionEvent Delta="null" EndDate="2013-02-17 12:31:07.46 CET" Interest="1.417" Kind="propagation" Navigation="org.eclipse.mylyn.core.model.edges.containment" OriginId="org.eclipse.mylyn.core.model.interest.propagation" StartDate="2013-02-17 12:31:06.451 CET" StructureHandle="=de.prob.worksheetWeb/src\/main\/java&amp;lt;de.prob.worksheet.api.evalStore{EvalStoreAPI.java" StructureKind="java" NumEvents="3" CreationCount="191"/><InteractionEvent Delta="null" EndDate="2013-02-17 12:31:06.88 CET" Interest="1.0" Kind="selection" Navigation="null" OriginId="org.eclipse.jdt.ui.CompilationUnitEditor" StartDate="2013-02-17 12:31:06.88 CET" StructureHandle="=de.prob.worksheetWeb/src\/main\/java&amp;lt;de.prob.worksheet.api.evalStore{EvalStoreAPI.java" StructureKind="java"/><InteractionEvent Delta="null" EndDate="2013-02-17 12:47:11.532 CET" Interest="492.0" Kind="propagation" Navigation="null" OriginId="org.eclipse.jdt.ui.PackageExplorer" StartDate="2013-02-17 00:28:42.715 CET" StructureHandle="/de.prob.worksheetWeb/src/main/java" StructureKind="resource" NumEvents="492" CreationCount="1"/><InteractionEvent Delta="null" EndDate="2013-02-17 12:35:02.839 CET" Interest="58.0" Kind="edit" Navigation="null" OriginId="org.eclipse.jdt.ui.CompilationUnitEditor" StartDate="2013-02-17 12:34:33.477 CET" StructureHandle="=de.prob.worksheetWeb/src\/main\/java&amp;lt;de.prob.worksheet.evaluator.evalStore{StateEvaluator.java[StateEvaluator~evaluateObjects~\[QEvalObject;" StructureKind="java" NumEvents="58" CreationCount="214"/><InteractionEvent Delta="null" EndDate="2013-02-17 12:34:33.447 CET" Interest="1.0" Kind="selection" Navigation="null" OriginId="org.eclipse.jdt.ui.CompilationUnitEditor" StartDate="2013-02-17 12:34:33.447 CET" StructureHandle="=de.prob.worksheetWeb/src\/main\/java&amp;lt;de.prob.worksheet.evaluator.evalStore{StateEvaluator.java[StateEvaluator~evaluateObjects~\[QEvalObject;" StructureKind="java"/><InteractionEvent Delta="null" EndDate="2013-02-17 12:35:02.841 CET" Interest="45.068" Kind="propagation" Navigation="org.eclipse.mylyn.core.model.edges.containment" OriginId="org.eclipse.mylyn.core.model.interest.propagation" StartDate="2013-02-17 12:07:19.843 CET" StructureHandle="=de.prob.worksheetWeb/src\/main\/java&amp;lt;de.prob.worksheet.evaluator.evalStore" StructureKind="java" NumEvents="63" CreationCount="10"/><InteractionEvent Delta="null" EndDate="2013-02-17 12:47:11.532 CET" Interest="492.0" Kind="propagation" Navigation="org.eclipse.mylyn.core.model.edges.containment" OriginId="org.eclipse.mylyn.core.model.interest.propagation" StartDate="2013-02-17 00:28:42.715 CET" StructureHandle="/de.prob.worksheetWeb/src" StructureKind="resource" NumEvents="492" CreationCount="1"/><InteractionEvent Delta="null" EndDate="2013-02-17 12:31:07.44 CET" Interest="2.4" Kind="propagation" Navigation="org.eclipse.mylyn.core.model.edges.containment" OriginId="org.eclipse.mylyn.core.model.interest.propagation" StartDate="2013-02-17 12:31:06.450 CET" StructureHandle="=de.prob.worksheetWeb/src\/main\/java&amp;lt;de.prob.worksheet.api.evalStore{EvalStoreAPI.java[EvalStoreAPI" StructureKind="java" NumEvents="3" CreationCount="192"/><InteractionEvent Delta="null" EndDate="2013-02-17 12:42:03.368 CET" Interest="181.61699" Kind="propagation" Navigation="org.eclipse.mylyn.core.model.edges.containment" OriginId="org.eclipse.mylyn.core.model.interest.propagation" StartDate="2013-02-17 00:28:43.11 CET" StructureHandle="=de.prob.worksheetWeb/src\/main\/java&amp;lt;de.prob.worksheet.evaluator{BlockEvaluator.java" StructureKind="java" NumEvents="263" CreationCount="1"/><InteractionEvent Delta="null" EndDate="2013-02-17 12:36:10.802 CET" Interest="12.0" Kind="selection" Navigation="null" OriginId="org.eclipse.jdt.ui.CompilationUnitEditor" StartDate="2013-02-17 00:28:42.713 CET" StructureHandle="=de.prob.worksheetWeb/src\/main\/java&amp;lt;de.prob.worksheet.evaluator{BlockEvaluator.java" StructureKind="java" NumEvents="12" CreationCount="1"/><InteractionEvent Delta="null" EndDate="2013-02-17 12:47:11.531 CET" Interest="7.0490003" Kind="propagation" Navigation="org.eclipse.mylyn.core.model.edges.containment" OriginId="org.eclipse.mylyn.core.model.interest.propagation" StartDate="2013-02-17 12:31:06.90 CET" StructureHandle="=de.prob.worksheetWeb/src\/main\/java&amp;lt;de.prob.worksheet.api.evalStore" StructureKind="java" NumEvents="6" CreationCount="191"/><InteractionEvent Delta="null" EndDate="2013-02-17 12:42:03.369 CET" Interest="355.39398" Kind="propagation" Navigation="org.eclipse.mylyn.core.model.edges.containment" OriginId="org.eclipse.mylyn.core.model.interest.propagation" StartDate="2013-02-17 00:28:42.715 CET" StructureHandle="/de.prob.worksheetWeb/src/main/java/de/prob" StructureKind="resource" NumEvents="356" CreationCount="1"/><InteractionEvent Delta="null" EndDate="2013-02-17 12:35:44.547 CET" Interest="39.0" Kind="edit" Navigation="null" OriginId="org.eclipse.jdt.ui.CompilationUnitEditor" StartDate="2013-02-17 12:35:02.985 CET" StructureHandle="=de.prob.worksheetWeb/src\/main\/java&amp;lt;de.prob.worksheet.evaluator.evalStore{StateEvaluator.java[StateEvaluator~evaluateObject~QEvalObject;" StructureKind="java" NumEvents="39" CreationCount="273"/><InteractionEvent Delta="null" EndDate="2013-02-17 12:35:02.938 CET" Interest="1.0" Kind="selection" Navigation="null" OriginId="org.eclipse.jdt.ui.CompilationUnitEditor" StartDate="2013-02-17 12:35:02.938 CET" StructureHandle="=de.prob.worksheetWeb/src\/main\/java&amp;lt;de.prob.worksheet.evaluator.evalStore{StateEvaluator.java[StateEvaluator~evaluateObject~QEvalObject;" StructureKind="java"/><InteractionEvent Delta="null" EndDate="2013-02-17 12:47:11.530 CET" Interest="2.0" Kind="selection" Navigation="null" OriginId="org.eclipse.jdt.ui.PackageExplorer" StartDate="2013-02-17 12:40:28.455 CET" StructureHandle="=de.prob.worksheetWeb/src\/main\/java&amp;lt;de.prob.worksheet.api.evalStore{EvalStoreContext.java" StructureKind="java" NumEvents="2" CreationCount="488"/></InteractionHistory>