<?xml version="1.0" encoding="UTF-8" standalone="no"?><TaskList Version="2.0"><Task Active="false" ConnectorKind="local" CreationDate="2013-01-23 11:25:56.156 +0100" DueDate="" EndDate="" Estimated="0" Handle="local-11" IssueURL="" Kind="task" Label="Feature 1004: Persistable initial State" LastModified="now" MarkReadPending="false" ModificationDate="" Notes="Decission:&#13;&#10;&#9;- Complete Machine and History&#13;&#10;&#9;- Just State Context Values&#13;&#10;&#9;- ..." NotifiedIncoming="true" Owner="local" Priority="P3" Reminded="false" RepositoryUrl="local" ScheduledEndDate="2013-01-27 23:59:59.999 +0100" ScheduledStartDate="2013-01-21 00:00:00.0 +0100" Stale="false" TaskId="11" offlineSyncState="SYNCHRONIZED"/><Task Active="false" ConnectorKind="local" CreationDate="2013-01-22 17:12:49.394 +0100" DueDate="" EndDate="2013-01-23 11:11:52.707 +0100" Estimated="0" Handle="local-6" IssueURL="" Kind="task" Label="Bug 1000: Character Encoding" LastModified="now" MarkReadPending="false" ModificationDate="" Notes="Charset is not correctly set in responses:&#13;&#10;add: resp.setCharacterEncoding(&quot;UTF-8&quot;) done&#13;&#10;&#13;&#10;special characters get lost when saving file" NotifiedIncoming="true" Owner="local" Priority="P3" Reminded="false" RepositoryUrl="local" ScheduledEndDate="2013-01-27 23:59:59.999 +0100" ScheduledStartDate="2013-01-21 00:00:00.0 +0100" Stale="false" TaskId="6" offlineSyncState="SYNCHRONIZED"/><Task Active="false" ConnectorKind="local" CreationDate="2013-01-28 12:11:39.899 +0100" DueDate="" EndDate="" Estimated="0" Handle="local-19" IssueURL="" Kind="task" Label="Feature 1011: Add merging of mergable outputblocks" LastModified="now" MarkReadPending="false" ModificationDate="" Notes="Outputlistener should track his last OutputBlock and if possible append the new output to it instead of creating a new one." NotifiedIncoming="true" Owner="local" Priority="P3" Reminded="false" RepositoryUrl="local" ScheduledEndDate="2013-02-03 23:59:59.999 +0100" ScheduledStartDate="2013-01-28 00:00:00.0 +0100" Stale="false" TaskId="19" offlineSyncState="SYNCHRONIZED"/><Task Active="false" ConnectorKind="local" CreationDate="2013-01-23 18:20:15.792 +0100" DueDate="" EndDate="" Estimated="0" Handle="local-16" IssueURL="" Kind="task" Label="Feature 1006: Sortable Blocks" LastModified="now" MarkReadPending="false" ModificationDate="" Notes="Sorting with sync to Server and calculation of input &lt;-&gt; output!" NotifiedIncoming="true" Owner="local" Priority="P3" Reminded="false" RepositoryUrl="local" ScheduledEndDate="2013-01-27 23:59:59.999 +0100" ScheduledStartDate="2013-01-21 00:00:00.0 +0100" Stale="false" TaskId="16" offlineSyncState="SYNCHRONIZED"/><Task Active="false" ConnectorKind="local" CreationDate="2013-01-23 15:47:55.195 +0100" DueDate="" EndDate="" Estimated="0" Handle="local-14" IssueURL="" Kind="task" Label="Todo 1000: Add State Management" LastModified="now" MarkReadPending="false" ModificationDate="" Notes="To stybilize the worksheet States should be introduced:&#13;&#10;&#9;-&#9;domReady State before calling any Browser.execute();&#13;&#10;&#9;- &#9;documentReady before calling any servlet and calling  of js Functions other than newDocument &#9;&#9;refreshDocument or loadDocument&#9;" NotifiedIncoming="true" Owner="local" Priority="P3" Reminded="false" RepositoryUrl="local" ScheduledEndDate="2013-01-27 23:59:59.999 +0100" ScheduledStartDate="2013-01-21 00:00:00.0 +0100" Stale="false" TaskId="14" offlineSyncState="SYNCHRONIZED"/><Task Active="false" ConnectorKind="local" CreationDate="2013-01-22 17:40:19.733 +0100" DueDate="" EndDate="" Estimated="0" Handle="local-7" IssueURL="" Kind="task" Label="Feature 1000: Integration of Rodin symbols view" LastModified="now" MarkReadPending="false" ModificationDate="" Notes="The Rodin Symbols view should be integrated in the editor" NotifiedIncoming="true" Owner="local" Priority="P3" Reminded="false" RepositoryUrl="local" ScheduledEndDate="2013-01-27 23:59:59.999 +0100" ScheduledStartDate="2013-01-21 00:00:00.0 +0100" Stale="false" TaskId="7" offlineSyncState="SYNCHRONIZED"/><Task Active="false" ConnectorKind="local" CreationDate="2013-01-22 17:42:40.605 +0100" DueDate="" EndDate="" Estimated="0" Handle="local-8" IssueURL="" Kind="task" Label="Feature 1001: Convert ASCII Symbols to Unicode automatically when typing" LastModified="now" MarkReadPending="false" ModificationDate="" Notes="Add methods to jquery-ui widgets which check and convert Symbols from ascii  to unicode&#13;&#10;- once for B Symbols&#13;&#10;- once for Rodin Symbols&#13;&#10;" NotifiedIncoming="true" Owner="local" Priority="P3" Reminded="false" RepositoryUrl="local" ScheduledEndDate="2013-01-27 23:59:59.999 +0100" ScheduledStartDate="2013-01-21 00:00:00.0 +0100" Stale="false" TaskId="8" offlineSyncState="SYNCHRONIZED"/><Task Active="false" ConnectorKind="local" CreationDate="2013-01-21 14:23:17.97 +0100" DueDate="" EndDate="2013-01-23 11:12:22.392 +0100" Estimated="0" Handle="local-4" IssueURL="" Kind="task" Label="Open Editor without a file" LastModified="now" MarkReadPending="false" ModificationDate="" Notes="" NotifiedIncoming="true" Owner="local" Priority="P3" Reminded="false" RepositoryUrl="local" ScheduledEndDate="2013-01-27 23:59:59.999 +0100" ScheduledStartDate="2013-01-21 00:00:00.0 +0100" Stale="false" TaskId="4" offlineSyncState="SYNCHRONIZED"><SubTask Handle="local-5"/></Task><Task Active="false" ConnectorKind="local" CreationDate="2013-01-25 22:09:47.649 +0100" DueDate="" EndDate="" Estimated="0" Handle="local-17" IssueURL="" Kind="task" Label="Bug 1002: Non Removed Input Blocks" LastModified="now" MarkReadPending="false" ModificationDate="" Notes="If a InputBlock is emtpy and not the last Block it has to be removed at next Evaluation" NotifiedIncoming="true" Owner="local" Priority="P3" Reminded="false" RepositoryUrl="local" ScheduledEndDate="2013-01-27 23:59:59.999 +0100" ScheduledStartDate="2013-01-21 00:00:00.0 +0100" Stale="false" TaskId="17" offlineSyncState="SYNCHRONIZED"/><Task Active="false" ConnectorKind="local" CreationDate="2013-01-23 14:32:28.586 +0100" DueDate="" EndDate="" Estimated="0" Handle="local-13" IssueURL="" Kind="task" Label="Bug 1000: java.lang.OutOfMemory: PermGen space " LastModified="now" MarkReadPending="false" ModificationDate="" Notes="Seems to happen when a  wepapp is undeployed and then redeployed in conjunction with jackson:&#13;&#10;&#13;&#10;See: &#13;&#10;&#9;https://jira.codehaus.org/browse/JACKSON-846 and &#13;&#10;&#9;http://wiki.fasterxml.com/JacksonFAQ#Problems_with_String_intern.28.29ing&#13;&#10;&#9;http://stackoverflow.com/questions/6956613/jetty-7-outofmemoryerror-permgen-space-on-application-redeploy&#13;&#10;&#9;&#13;&#10;Possible solutions&#13;&#10;&#9;http://stackoverflow.com/questions/88235/dealing-with-java-lang-outofmemoryerror-permgen-space-error" NotifiedIncoming="true" Owner="local" Priority="P3" Reminded="false" RepositoryUrl="local" ScheduledEndDate="2013-01-27 23:59:59.999 +0100" ScheduledStartDate="2013-01-21 00:00:00.0 +0100" Stale="false" TaskId="13" offlineSyncState="SYNCHRONIZED"/><Task Active="false" ConnectorKind="local" CreationDate="2013-01-28 11:26:26.531 +0100" DueDate="" EndDate="" Estimated="0" Handle="local-18" IssueURL="" Kind="task" Label="Feature 1010: Add logging configuration" LastModified="now" MarkReadPending="false" ModificationDate="" Notes="Maybe the logging configuration under main logback doesn't work at the moment." NotifiedIncoming="true" Owner="local" Priority="P3" Reminded="false" RepositoryUrl="local" ScheduledEndDate="2013-02-03 23:59:59.999 +0100" ScheduledStartDate="2013-01-28 00:00:00.0 +0100" Stale="false" TaskId="18" offlineSyncState="SYNCHRONIZED"/><Task Active="false" ConnectorKind="local" CreationDate="2013-01-22 17:54:52.728 +0100" DueDate="" EndDate="" Estimated="0" Handle="local-9" IssueURL="" Kind="task" Label="Feature 1002: Logging with sl4j" LastModified="now" MarkReadPending="false" ModificationDate="" Notes="Solvve problems with sl4j integration and add Loggging to all Files" NotifiedIncoming="true" Owner="local" Priority="P3" Reminded="false" RepositoryUrl="local" ScheduledEndDate="2013-01-27 23:59:59.999 +0100" ScheduledStartDate="2013-01-21 00:00:00.0 +0100" Stale="false" TaskId="9" offlineSyncState="SYNCHRONIZED"/><Task Active="false" ConnectorKind="local" CreationDate="2013-01-23 16:14:10.330 +0100" DueDate="" EndDate="" Estimated="0" Handle="local-15" IssueURL="" Kind="task" Label="Bug 1001: Response 505 because of parse error" LastModified="now" MarkReadPending="false" ModificationDate="" Notes="Parser can't parse methods which start with a digit" NotifiedIncoming="true" Owner="local" Priority="P3" Reminded="false" RepositoryUrl="local" ScheduledEndDate="2013-01-27 23:59:59.999 +0100" ScheduledStartDate="2013-01-21 00:00:00.0 +0100" Stale="false" TaskId="15" offlineSyncState="SYNCHRONIZED"/><Task Active="false" ConnectorKind="local" CreationDate="2013-01-23 11:24:03.381 +0100" DueDate="" EndDate="" Estimated="0" Handle="local-10" IssueURL="" Kind="task" Label="Feature 1003: Editor Properties" LastModified="now" MarkReadPending="false" ModificationDate="" Notes="- Font&#13;&#10;- AutoSelect CurrentState&#13;&#10;- " NotifiedIncoming="true" Owner="local" Priority="P3" Reminded="false" RepositoryUrl="local" ScheduledEndDate="2013-01-27 23:59:59.999 +0100" ScheduledStartDate="2013-01-21 00:00:00.0 +0100" Stale="false" TaskId="10" offlineSyncState="SYNCHRONIZED"/><Task Active="false" ConnectorKind="local" CreationDate="2013-01-23 11:30:14.630 +0100" DueDate="" EndDate="" Estimated="0" Handle="local-12" IssueURL="" Kind="task" Label="Feature 1005: External Browser Support" LastModified="now" MarkReadPending="false" ModificationDate="" Notes="Add Worksheet Menu with Buttons:&#13;&#10;&#9;- Load&#13;&#10;&#9;- Save&#13;&#10;&#9;- Options&#13;&#10;&#9;- etc.&#13;&#10;&#9;- New Subsession&#13;&#10;&#9;- Select Subsession&#13;&#10;Add Servlets for :&#13;&#10;&#9;- File Downloading &#13;&#10;&#9;- File Uploading&#13;&#10;&#9;- Get Subsession list&#13;&#10;" NotifiedIncoming="true" Owner="local" Priority="P3" Reminded="false" RepositoryUrl="local" ScheduledEndDate="2013-01-27 23:59:59.999 +0100" ScheduledStartDate="2013-01-21 00:00:00.0 +0100" Stale="false" TaskId="12" offlineSyncState="SYNCHRONIZED"/><Task Active="false" ConnectorKind="local" CreationDate="2013-01-21 14:23:56.94 +0100" DueDate="" EndDate="2013-01-23 11:12:17.676 +0100" Estimated="0" Handle="local-5" IssueURL="" Kind="task" Label="Develop Eclipse Command,Handler,Toolbar" LastModified="now" MarkReadPending="false" ModificationDate="" Notes="Handler already exists, but is deactived in Toolbar&#13;&#10;" NotifiedIncoming="true" Owner="local" Priority="P3" Reminded="false" RepositoryUrl="local" ScheduledEndDate="2013-01-27 23:59:59.999 +0100" ScheduledStartDate="2013-01-21 00:00:00.0 +0100" Stale="false" TaskId="5" offlineSyncState="SYNCHRONIZED"/><TaskCategory Handle="handle-3" Name="Webserver"><TaskReference Handle="local-15"/><TaskReference Handle="local-17"/><TaskReference Handle="local-18"/></TaskCategory><TaskCategory Handle="handle-4" Name="Plugin"><TaskReference Handle="local-4"/><TaskReference Handle="local-7"/><TaskReference Handle="local-9"/><TaskReference Handle="local-10"/><TaskReference Handle="local-11"/><TaskReference Handle="local-13"/><TaskReference Handle="local-14"/></TaskCategory><TaskCategory Handle="handle-2" Name="User Interface"><TaskReference Handle="local-6"/><TaskReference Handle="local-8"/><TaskReference Handle="local-12"/><TaskReference Handle="local-16"/></TaskCategory><TaskCategory Handle="handle-5" Name="ProB"><TaskReference Handle="local-19"/></TaskCategory><TaskCategory Handle="Uncategorized" Name="Uncategorized"/></TaskList>