<?xml version="1.0" encoding="UTF-8" standalone="no"?><TaskList Version="2.0"><Task Active="false" ConnectorKind="local" CreationDate="2013-01-23 11:25:56.156 +0100" DueDate="" EndDate="" Estimated="0" Handle="local-11" IssueURL="" Kind="task" Label="Feature 1004: Persistable initial State" LastModified="now" MarkReadPending="false" ModificationDate="" Notes="Decission:&#13;&#10;&#9;- Complete Machine and History&#13;&#10;&#9;- Just State Context Values&#13;&#10;&#9;- ..." NotifiedIncoming="true" Owner="local" Priority="P3" Reminded="false" RepositoryUrl="local" ScheduledEndDate="2013-01-27 23:59:59.999 +0100" ScheduledStartDate="2013-01-21 00:00:00.0 +0100" Stale="false" TaskId="11" offlineSyncState="SYNCHRONIZED"/><Task Active="false" ConnectorKind="local" CreationDate="2013-02-13 20:10:59.919 +0100" DueDate="" EndDate="" Estimated="0" Handle="local-32" IssueURL="" Kind="task" Label="Feature 20011: Handling if two editors work on same file" LastModified="now" MarkReadPending="false" ModificationDate="" Notes="At the moment the developer is responsible for storage of the files if two editors store in the same file! Can be extended so that the editor gets a file out of sync message." NotifiedIncoming="true" Owner="local" Priority="P3" Reminded="false" RepositoryUrl="local" ScheduledEndDate="2013-02-17 23:59:59.999 +0100" ScheduledStartDate="2013-02-11 00:00:00.0 +0100" Stale="false" TaskId="32" offlineSyncState="SYNCHRONIZED"/><Task Active="false" ConnectorKind="local" CreationDate="2013-02-15 00:21:13.239 +0100" DueDate="" EndDate="" Estimated="0" Handle="local-35" IssueURL="" Kind="task" Label="Test 1: Test if options for editor are set before first destroy" LastModified="now" MarkReadPending="false" ModificationDate="" Notes="" NotifiedIncoming="true" Owner="local" Priority="P3" Reminded="false" RepositoryUrl="local" ScheduledEndDate="2013-02-17 23:59:59.999 +0100" ScheduledStartDate="2013-02-11 00:00:00.0 +0100" Stale="false" TaskId="35" offlineSyncState="SYNCHRONIZED"/><Task Active="false" ConnectorKind="local" CreationDate="2013-01-22 17:12:49.394 +0100" DueDate="" EndDate="2013-01-23 11:11:52.707 +0100" Estimated="0" Handle="local-6" IssueURL="" Kind="task" Label="Bug 1000: Character Encoding" LastModified="now" MarkReadPending="false" ModificationDate="" Notes="Charset is not correctly set in responses:&#13;&#10;add: resp.setCharacterEncoding(&quot;UTF-8&quot;) done&#13;&#10;&#13;&#10;special characters get lost when saving file" NotifiedIncoming="true" Owner="local" Priority="P3" Reminded="false" RepositoryUrl="local" ScheduledEndDate="2013-01-27 23:59:59.999 +0100" ScheduledStartDate="2013-01-21 00:00:00.0 +0100" Stale="false" TaskId="6" offlineSyncState="SYNCHRONIZED"/><Task Active="false" ConnectorKind="local" CreationDate="2013-01-28 12:11:39.899 +0100" DueDate="" EndDate="" Estimated="0" Handle="local-19" IssueURL="" Kind="task" Label="Feature 1011: Add merging of mergable outputblocks" LastModified="now" MarkReadPending="false" ModificationDate="" Notes="Outputlistener should track his last OutputBlock and if possible append the new output to it instead of creating a new one." NotifiedIncoming="true" Owner="local" Priority="P3" Reminded="false" RepositoryUrl="local" ScheduledEndDate="2013-02-03 23:59:59.999 +0100" ScheduledStartDate="2013-01-28 00:00:00.0 +0100" Stale="false" TaskId="19" offlineSyncState="SYNCHRONIZED"/><Task Active="false" ConnectorKind="local" CreationDate="2013-01-23 18:20:15.792 +0100" DueDate="" EndDate="" Estimated="0" Handle="local-16" IssueURL="" Kind="task" Label="Feature 1006: Sortable Blocks" LastModified="now" MarkReadPending="false" ModificationDate="" Notes="Sorting with sync to Server and calculation of input &lt;-&gt; output!" NotifiedIncoming="true" Owner="local" Priority="P3" Reminded="false" RepositoryUrl="local" ScheduledEndDate="2013-01-27 23:59:59.999 +0100" ScheduledStartDate="2013-01-21 00:00:00.0 +0100" Stale="false" TaskId="16" offlineSyncState="SYNCHRONIZED"/><Task Active="false" ConnectorKind="local" CreationDate="2013-02-13 20:07:49.148 +0100" DueDate="" EndDate="2013-02-13 20:20:00.37 +0100" Estimated="0" Handle="local-31" IssueURL="" Kind="task" Label="Bug 10034: After clicking save for editor with no File EditorInput seems not to change" LastModified="now" MarkReadPending="false" ModificationDate="" Notes="" NotifiedIncoming="true" Owner="local" Priority="P3" Reminded="false" RepositoryUrl="local" ScheduledEndDate="2013-02-17 23:59:59.999 +0100" ScheduledStartDate="2013-02-11 00:00:00.0 +0100" Stale="false" TaskId="31" offlineSyncState="SYNCHRONIZED"/><Task Active="false" ConnectorKind="local" CreationDate="2013-01-23 15:47:55.195 +0100" DueDate="" EndDate="" Estimated="0" Handle="local-14" IssueURL="" Kind="task" Label="Todo 1000: Add State Management" LastModified="now" MarkReadPending="false" ModificationDate="" Notes="To stybilize the worksheet States should be introduced:&#13;&#10;&#9;-&#9;domReady State before calling any Browser.execute();&#13;&#10;&#9;- &#9;documentReady before calling any servlet and calling  of js Functions other than newDocument &#9;&#9;refreshDocument or loadDocument&#9;" NotifiedIncoming="true" Owner="local" Priority="P3" Reminded="false" RepositoryUrl="local" ScheduledEndDate="2013-01-27 23:59:59.999 +0100" ScheduledStartDate="2013-01-21 00:00:00.0 +0100" Stale="false" TaskId="14" offlineSyncState="SYNCHRONIZED"/><Task Active="false" ConnectorKind="local" CreationDate="2013-02-19 14:12:04.686 +0100" DueDate="" EndDate="" Estimated="0" Handle="local-51" IssueURL="" Kind="task" Label="Bug 55555:Exception when evaluating empty JS BLock" LastModified="now" MarkReadPending="false" ModificationDate="" Notes="if the first and only existing block is JS and gets evaluatetd immediatly after opening the editor. I got an Exception" NotifiedIncoming="true" Owner="local" Priority="P3" Reminded="false" RepositoryUrl="local" ScheduledEndDate="2013-02-24 23:59:59.999 +0100" ScheduledStartDate="2013-02-18 00:00:00.0 +0100" Stale="false" TaskId="51" offlineSyncState="SYNCHRONIZED"/><Task Active="false" ConnectorKind="local" CreationDate="2013-01-30 11:35:40.281 +0100" DueDate="" EndDate="2013-02-21 18:07:23.560 +0100" Estimated="0" Handle="local-20" IssueURL="" Kind="task" Label="Bug 10020: When reevaluating wrong stores seem to be used" LastModified="now" MarkReadPending="false" ModificationDate="" Notes="Look for file bug10020.prob_wsh&#13;&#10;&#13;&#10;Sometimes occurs  when getCurrentState is called more than once &#13;&#10;&#13;&#10;ContextHistory seems to have a bug. &#13;&#10;contextHistory=[init:null, ws-block-id-11:1, ws-block-id-11:7, ws-block-id-7:8, ws-block-id-3:2, ws-block-id-1:1]} after reevaluate complete bug10020.prob_wsh " NotifiedIncoming="true" Owner="local" Priority="P3" Reminded="false" RepositoryUrl="local" ScheduledEndDate="2013-02-03 23:59:59.999 +0100" ScheduledStartDate="2013-01-28 00:00:00.0 +0100" Stale="false" TaskId="20" offlineSyncState="SYNCHRONIZED"/><Task Active="false" ConnectorKind="local" CreationDate="2013-01-22 17:40:19.733 +0100" DueDate="" EndDate="" Estimated="0" Handle="local-7" IssueURL="" Kind="task" Label="Feature 1000: Integration of Rodin symbols view" LastModified="now" MarkReadPending="false" ModificationDate="" Notes="The Rodin Symbols view should be integrated in the editor" NotifiedIncoming="true" Owner="local" Priority="P3" Reminded="false" RepositoryUrl="local" ScheduledEndDate="2013-01-27 23:59:59.999 +0100" ScheduledStartDate="2013-01-21 00:00:00.0 +0100" Stale="false" TaskId="7" offlineSyncState="SYNCHRONIZED"/><Task Active="false" ConnectorKind="local" CreationDate="2013-02-15 00:29:47.462 +0100" DueDate="" EndDate="" Estimated="0" Handle="local-36" IssueURL="" Kind="task" Label="Bug 50000: Set Content for editor is called twice add initalization of worksheet" LastModified="now" MarkReadPending="false" ModificationDate="" Notes="" NotifiedIncoming="true" Owner="local" Priority="P3" Reminded="false" RepositoryUrl="local" ScheduledEndDate="2013-02-17 23:59:59.999 +0100" ScheduledStartDate="2013-02-11 00:00:00.0 +0100" Stale="false" TaskId="36" offlineSyncState="SYNCHRONIZED"/><Task Active="false" ConnectorKind="local" CreationDate="2013-02-17 00:27:44.459 +0100" DueDate="" EndDate="" Estimated="0" Handle="local-42" IssueURL="" Kind="task" Label="Needed Feature:Classical B Handling" LastModified="now" MarkReadPending="false" ModificationDate="" Notes="" NotifiedIncoming="true" Owner="local" Priority="P3" Reminded="false" RepositoryUrl="local" ScheduledEndDate="2013-02-17 23:59:59.999 +0100" ScheduledStartDate="2013-02-11 00:00:00.0 +0100" Stale="false" TaskId="42" offlineSyncState="SYNCHRONIZED"/><Task Active="false" ConnectorKind="local" CreationDate="2013-02-13 15:19:15.22 +0100" DueDate="" EndDate="" Estimated="0" Handle="local-26" IssueURL="" Kind="task" Label="Bug 10030: Classloader Collision with javax.xml.datatypes " LastModified="now" MarkReadPending="false" ModificationDate="" Notes="Changed&#13;&#10;&#13;&#10;Removed Stax-api-1.0.1 from Buildpath;&#13;&#10;Removed Stax-api-1.0.1 from Manifest;&#13;&#10;&#13;&#10;Changed Dependencies in gradle see stax2&#13;&#10;" NotifiedIncoming="true" Owner="local" Priority="P3" Reminded="false" RepositoryUrl="local" ScheduledEndDate="2013-02-17 23:59:59.999 +0100" ScheduledStartDate="2013-02-11 00:00:00.0 +0100" Stale="false" TaskId="26" offlineSyncState="SYNCHRONIZED"/><Task Active="false" ConnectorKind="local" CreationDate="2013-02-08 13:35:19.698 +0100" DueDate="" EndDate="" Estimated="0" Handle="local-22" IssueURL="" Kind="task" Label="Feature 999: Block Switching" LastModified="now" MarkReadPending="false" ModificationDate="" Notes="Menu Functionality for changing a block in the ui must be completed" NotifiedIncoming="true" Owner="local" Priority="P3" Reminded="false" RepositoryUrl="local" ScheduledEndDate="2013-02-10 23:59:59.999 +0100" ScheduledStartDate="2013-02-04 00:00:00.0 +0100" Stale="false" TaskId="22" offlineSyncState="SYNCHRONIZED"/><Task Active="false" ConnectorKind="local" CreationDate="2013-01-21 14:23:17.97 +0100" DueDate="" EndDate="2013-01-23 11:12:22.392 +0100" Estimated="0" Handle="local-4" IssueURL="" Kind="task" Label="Open Editor without a file" LastModified="now" MarkReadPending="false" ModificationDate="" Notes="" NotifiedIncoming="true" Owner="local" Priority="P3" Reminded="false" RepositoryUrl="local" ScheduledEndDate="2013-01-27 23:59:59.999 +0100" ScheduledStartDate="2013-01-21 00:00:00.0 +0100" Stale="false" TaskId="4" offlineSyncState="SYNCHRONIZED"><SubTask Handle="local-5"/></Task><Task Active="false" ConnectorKind="local" CreationDate="2013-01-22 17:42:40.605 +0100" DueDate="" EndDate="" Estimated="0" Handle="local-8" IssueURL="" Kind="task" Label="Feature 1001: Convert ASCII Symbols to Unicode automatically when typing" LastModified="now" MarkReadPending="false" ModificationDate="" Notes="Add methods to jquery-ui widgets which check and convert Symbols from ascii  to unicode&#13;&#10;- once for B Symbols&#13;&#10;- once for Rodin Symbols&#13;&#10;" NotifiedIncoming="true" Owner="local" Priority="P3" Reminded="false" RepositoryUrl="local" ScheduledEndDate="2013-01-27 23:59:59.999 +0100" ScheduledStartDate="2013-01-21 00:00:00.0 +0100" Stale="false" TaskId="8" offlineSyncState="SYNCHRONIZED"/><Task Active="false" ConnectorKind="local" CreationDate="2013-01-25 22:09:47.649 +0100" DueDate="" EndDate="" Estimated="0" Handle="local-17" IssueURL="" Kind="task" Label="Bug 1002: Non Removed Input Blocks" LastModified="now" MarkReadPending="false" ModificationDate="" Notes="If a InputBlock is emtpy and not the last Block it has to be removed at next Evaluation" NotifiedIncoming="true" Owner="local" Priority="P3" Reminded="false" RepositoryUrl="local" ScheduledEndDate="2013-01-27 23:59:59.999 +0100" ScheduledStartDate="2013-01-21 00:00:00.0 +0100" Stale="false" TaskId="17" offlineSyncState="SYNCHRONIZED"/><Task Active="false" ConnectorKind="local" CreationDate="2013-02-13 20:00:34.387 +0100" DueDate="" EndDate="2013-02-21 18:07:10.479 +0100" Estimated="0" Handle="local-30" IssueURL="" Kind="task" Label="Bug 10033: EditorContent is set dirty after SaveAs Dialog" LastModified="now" MarkReadPending="false" ModificationDate="" Notes="jquery UI needs to get a function for cleaning DirtyState&#13;&#10;&#13;&#10;See Bug 10031" NotifiedIncoming="true" Owner="local" Priority="P3" Reminded="false" RepositoryUrl="local" ScheduledEndDate="2013-02-17 23:59:59.999 +0100" ScheduledStartDate="2013-02-11 00:00:00.0 +0100" Stale="false" TaskId="30" offlineSyncState="SYNCHRONIZED"/><Task Active="false" ConnectorKind="local" CreationDate="2013-01-23 14:32:28.586 +0100" DueDate="" EndDate="2013-02-10 09:45:58.819 +0100" Estimated="0" Handle="local-13" IssueURL="" Kind="task" Label="Bug 1000: java.lang.OutOfMemory: PermGen space " LastModified="now" MarkReadPending="false" ModificationDate="" Notes="Seems to happen when a  wepapp is undeployed and then redeployed in conjunction with jackson:&#13;&#10;&#13;&#10;See: &#13;&#10;&#9;https://jira.codehaus.org/browse/JACKSON-846 and &#13;&#10;&#9;http://wiki.fasterxml.com/JacksonFAQ#Problems_with_String_intern.28.29ing&#13;&#10;&#9;http://stackoverflow.com/questions/6956613/jetty-7-outofmemoryerror-permgen-space-on-application-redeploy&#13;&#10;&#9;&#13;&#10;Possible solutions&#13;&#10;&#9;http://stackoverflow.com/questions/88235/dealing-with-java-lang-outofmemoryerror-permgen-space-error&#13;&#10;&#9;&#13;&#10;Maybe just need to clear Sessions before redeploy." NotifiedIncoming="true" Owner="local" Priority="P3" Reminded="false" RepositoryUrl="local" ScheduledEndDate="2013-01-27 23:59:59.999 +0100" ScheduledStartDate="2013-01-21 00:00:00.0 +0100" Stale="false" TaskId="13" offlineSyncState="SYNCHRONIZED"/><Task Active="false" ConnectorKind="local" CreationDate="2013-02-22 11:11:09.798 +0100" DueDate="" EndDate="" Estimated="0" Handle="local-56" IssueURL="" Kind="task" Label="Firefox Linux Error: Strk+Enter funktioniert nicht" LastModified="now" MarkReadPending="false" ModificationDate="" Notes="" NotifiedIncoming="true" Owner="local" Priority="P3" Reminded="false" RepositoryUrl="local" ScheduledEndDate="2013-02-24 23:59:59.999 +0100" ScheduledStartDate="2013-02-18 00:00:00.0 +0100" Stale="false" TaskId="56" offlineSyncState="SYNCHRONIZED"/><Task Active="false" ConnectorKind="local" CreationDate="2013-01-28 11:26:26.531 +0100" DueDate="" EndDate="" Estimated="0" Handle="local-18" IssueURL="" Kind="task" Label="Feature 1010: Add logging configuration" LastModified="now" MarkReadPending="false" ModificationDate="" Notes="Maybe the logging configuration under main logback doesn't work at the moment." NotifiedIncoming="true" Owner="local" Priority="P3" Reminded="false" RepositoryUrl="local" ScheduledEndDate="2013-02-03 23:59:59.999 +0100" ScheduledStartDate="2013-01-28 00:00:00.0 +0100" Stale="false" TaskId="18" offlineSyncState="SYNCHRONIZED"/><Task Active="false" ConnectorKind="local" CreationDate="2013-01-22 17:54:52.728 +0100" DueDate="" EndDate="" Estimated="0" Handle="local-9" IssueURL="" Kind="task" Label="Feature 1002: Logging with sl4j" LastModified="now" MarkReadPending="false" ModificationDate="" Notes="Solvve problems with sl4j integration and add Loggging to all Files" NotifiedIncoming="true" Owner="local" Priority="P3" Reminded="false" RepositoryUrl="local" ScheduledEndDate="2013-01-27 23:59:59.999 +0100" ScheduledStartDate="2013-01-21 00:00:00.0 +0100" Stale="false" TaskId="9" offlineSyncState="SYNCHRONIZED"/><Task Active="false" ConnectorKind="local" CreationDate="2013-02-08 21:25:16.477 +0100" DueDate="" EndDate="2013-02-09 16:51:23.371 +0100" Estimated="0" Handle="local-23" IssueURL="" Kind="task" Label="Test 1000: Unit Tests for lazyLoader" LastModified="now" MarkReadPending="false" ModificationDate="" Notes="" NotifiedIncoming="true" Owner="local" Priority="P3" Reminded="false" RepositoryUrl="local" ScheduledEndDate="2013-02-10 23:59:59.999 +0100" ScheduledStartDate="2013-02-04 00:00:00.0 +0100" Stale="false" TaskId="23" offlineSyncState="SYNCHRONIZED"/><Task Active="false" ConnectorKind="local" CreationDate="2013-02-16 18:41:47.957 +0100" DueDate="" EndDate="" Estimated="0" Handle="local-41" IssueURL="" Kind="task" Label="Feature 54000: ContextHistory needs to be set with an individual initial Context!!" LastModified="now" MarkReadPending="false" ModificationDate="" Notes="Create class Root Context" NotifiedIncoming="true" Owner="local" Priority="P3" Reminded="false" RepositoryUrl="local" ScheduledEndDate="2013-02-17 23:59:59.999 +0100" ScheduledStartDate="2013-02-11 00:00:00.0 +0100" Stale="false" TaskId="41" offlineSyncState="SYNCHRONIZED"/><Task Active="false" ConnectorKind="local" CreationDate="2013-02-13 15:25:02.435 +0100" DueDate="" EndDate="2013-02-21 18:08:18.933 +0100" Estimated="0" Handle="local-27" IssueURL="" Kind="task" Label="Bug 10031: Missing content changed event" LastModified="now" MarkReadPending="false" ModificationDate="" Notes="After Storing document the current block doesn't fire a content changed event to the plugin&#13;&#10;&#13;&#10;See Bug 10033" NotifiedIncoming="true" Owner="local" Priority="P3" Reminded="false" RepositoryUrl="local" ScheduledEndDate="2013-02-17 23:59:59.999 +0100" ScheduledStartDate="2013-02-11 00:00:00.0 +0100" Stale="false" TaskId="27" offlineSyncState="SYNCHRONIZED"/><Task Active="false" ConnectorKind="local" CreationDate="2013-02-16 16:32:42.758 +0100" DueDate="" EndDate="" Estimated="0" Handle="local-40" IssueURL="" Kind="task" Label="Feature 53000: Start Animation if no is present" LastModified="now" MarkReadPending="false" ModificationDate="" Notes="See commented in EvalstoreApt.getCurrentState&#13;&#10;Mybe just load an empty b Machine" NotifiedIncoming="true" Owner="local" Priority="P3" Reminded="false" RepositoryUrl="local" ScheduledEndDate="2013-02-17 23:59:59.999 +0100" ScheduledStartDate="2013-02-11 00:00:00.0 +0100" Stale="false" TaskId="40" offlineSyncState="SYNCHRONIZED"/><Task Active="false" ConnectorKind="local" CreationDate="2013-02-22 10:54:08.331 +0100" DueDate="" EndDate="" Estimated="0" Handle="local-55" IssueURL="" Kind="task" Label="TODO 1220: Unicode Converter von ProB für UI verwenden" LastModified="now" MarkReadPending="false" ModificationDate="" Notes="" NotifiedIncoming="true" Owner="local" Priority="P3" Reminded="false" RepositoryUrl="local" ScheduledEndDate="2013-02-24 23:59:59.999 +0100" ScheduledStartDate="2013-02-18 00:00:00.0 +0100" Stale="false" TaskId="55" offlineSyncState="SYNCHRONIZED"/><Task Active="false" ConnectorKind="local" CreationDate="2013-02-08 22:25:47.147 +0100" DueDate="" EndDate="" Estimated="0" Handle="local-24" IssueURL="" Kind="task" Label="Bug 10200: loading lazyLoader on more than one element" LastModified="now" MarkReadPending="false" ModificationDate="" Notes="" NotifiedIncoming="true" Owner="local" Priority="P3" Reminded="false" RepositoryUrl="local" ScheduledEndDate="2013-02-10 23:59:59.999 +0100" ScheduledStartDate="2013-02-04 00:00:00.0 +0100" Stale="false" TaskId="24" offlineSyncState="SYNCHRONIZED"/><Task Active="false" ConnectorKind="local" CreationDate="2013-02-06 11:59:25.50 +0100" DueDate="" EndDate="" Estimated="0" Handle="local-21" IssueURL="" Kind="task" Label="Feature 10100: Autofocus" LastModified="now" MarkReadPending="false" ModificationDate="" Notes="Automatic give the focus to an input block which seems to be the best.&#13;&#10;&#13;&#10;After relaod (f5) : the first block&#13;&#10;After evaluate :  the last input block or the last changed input block if not the second last" NotifiedIncoming="true" Owner="local" Priority="P3" Reminded="false" RepositoryUrl="local" ScheduledEndDate="2013-02-10 23:59:59.999 +0100" ScheduledStartDate="2013-02-04 00:00:00.0 +0100" Stale="false" TaskId="21" offlineSyncState="SYNCHRONIZED"/><Task Active="false" ConnectorKind="local" CreationDate="2013-02-22 10:37:11.34 +0100" DueDate="" EndDate="" Estimated="0" Handle="local-54" IssueURL="" Kind="task" Label="Bug 1000000: Browser Cache can't be refreshed by F5 in Linux" LastModified="now" MarkReadPending="false" ModificationDate="" Notes="" NotifiedIncoming="true" Owner="local" Priority="P3" Reminded="false" RepositoryUrl="local" ScheduledEndDate="2013-02-24 23:59:59.999 +0100" ScheduledStartDate="2013-02-18 00:00:00.0 +0100" Stale="false" TaskId="54" offlineSyncState="SYNCHRONIZED"/><Task Active="false" ConnectorKind="local" CreationDate="2013-02-13 15:30:02.835 +0100" DueDate="" EndDate="2013-02-13 20:00:29.558 +0100" Estimated="0" Handle="local-28" IssueURL="" Kind="task" Label="Bug 10032: Save as throws Exception when file already exist" LastModified="now" MarkReadPending="false" ModificationDate="" Notes="If the file already exist in the selected diretcory the save as mehod throws a Resource Exception even if overwrite is selected in the popup dialog" NotifiedIncoming="true" Owner="local" Priority="P3" Reminded="false" RepositoryUrl="local" ScheduledEndDate="2013-02-17 23:59:59.999 +0100" ScheduledStartDate="2013-02-11 00:00:00.0 +0100" Stale="false" TaskId="28" offlineSyncState="SYNCHRONIZED"/><Task Active="false" ConnectorKind="local" CreationDate="2013-02-17 20:55:30.118 +0100" DueDate="" EndDate="" Estimated="0" Handle="local-47" IssueURL="" Kind="task" Label="Bug 88888: Duplicate OutputBlocks" LastModified="now" MarkReadPending="false" ModificationDate="" Notes="After Exception in Evalstore the Document seems to be defect;&#13;&#10;Add try Clauses around external calls&#13;&#10;&#13;&#10;Other Documents seem to become incorrect to after browser refresh and reevaluate" NotifiedIncoming="true" Owner="local" Priority="P3" Reminded="false" RepositoryUrl="local" ScheduledEndDate="2013-02-17 23:59:59.999 +0100" ScheduledStartDate="2013-02-11 00:00:00.0 +0100" Stale="false" TaskId="47" offlineSyncState="SYNCHRONIZED"/><Task Active="false" ConnectorKind="local" CreationDate="2013-02-09 16:52:58.464 +0100" DueDate="" EndDate="" Estimated="0" Handle="local-25" IssueURL="" Kind="task" Label="Test 10001: Unit Test for jquery Editor" LastModified="now" MarkReadPending="false" ModificationDate="" Notes="" NotifiedIncoming="true" Owner="local" Priority="P3" Reminded="false" RepositoryUrl="local" ScheduledEndDate="2013-02-10 23:59:59.999 +0100" ScheduledStartDate="2013-02-04 00:00:00.0 +0100" Stale="false" TaskId="25" offlineSyncState="SYNCHRONIZED"/><Task Active="false" ConnectorKind="local" CreationDate="2013-02-13 19:55:08.271 +0100" DueDate="" EndDate="" Estimated="0" Handle="local-29" IssueURL="" Kind="task" Label="Feature 20010: Extend the SaveAs to allow save as URI " LastModified="now" MarkReadPending="false" ModificationDate="" Notes="Example for a complete implementation in AbstractDecoratedTextEditor" NotifiedIncoming="true" Owner="local" Priority="P3" Reminded="false" RepositoryUrl="local" ScheduledEndDate="2013-02-17 23:59:59.999 +0100" ScheduledStartDate="2013-02-11 00:00:00.0 +0100" Stale="false" TaskId="29" offlineSyncState="SYNCHRONIZED"/><Task Active="false" ConnectorKind="local" CreationDate="2013-01-23 16:14:10.330 +0100" DueDate="" EndDate="" Estimated="0" Handle="local-15" IssueURL="" Kind="task" Label="Bug 1001: Response 505 because of parse error" LastModified="now" MarkReadPending="false" ModificationDate="" Notes="Parser can't parse methods which start with a digit" NotifiedIncoming="true" Owner="local" Priority="P3" Reminded="false" RepositoryUrl="local" ScheduledEndDate="2013-01-27 23:59:59.999 +0100" ScheduledStartDate="2013-01-21 00:00:00.0 +0100" Stale="false" TaskId="15" offlineSyncState="SYNCHRONIZED"/><Task Active="false" ConnectorKind="local" CreationDate="2013-02-19 20:04:43.83 +0100" DueDate="" EndDate="" Estimated="0" Handle="local-52" IssueURL="" Kind="task" Label="TODO 1: Merge IWorksheetMenuNode into WorksheetMenuNode" LastModified="now" MarkReadPending="false" ModificationDate="" Notes="IWorksheetMenuNode is never implemented again" NotifiedIncoming="true" Owner="local" Priority="P3" Reminded="false" RepositoryUrl="local" ScheduledEndDate="2013-02-24 23:59:59.999 +0100" ScheduledStartDate="2013-02-18 00:00:00.0 +0100" Stale="false" TaskId="52" offlineSyncState="SYNCHRONIZED"/><Task Active="false" ConnectorKind="local" CreationDate="2013-02-17 15:46:07.333 +0100" DueDate="" EndDate="" Estimated="0" Handle="local-46" IssueURL="" Kind="task" Label="Bug 60000: Menu for immediate Blocks missing after load from XML" LastModified="now" MarkReadPending="false" ModificationDate="" Notes="" NotifiedIncoming="true" Owner="local" Priority="P3" Reminded="false" RepositoryUrl="local" ScheduledEndDate="2013-02-17 23:59:59.999 +0100" ScheduledStartDate="2013-02-11 00:00:00.0 +0100" Stale="false" TaskId="46" offlineSyncState="SYNCHRONIZED"/><Task Active="false" ConnectorKind="local" CreationDate="2013-01-23 11:24:03.381 +0100" DueDate="" EndDate="" Estimated="0" Handle="local-10" IssueURL="" Kind="task" Label="Feature 1003: Editor Properties" LastModified="now" MarkReadPending="false" ModificationDate="" Notes="- Font&#13;&#10;- AutoSelect CurrentState&#13;&#10;- " NotifiedIncoming="true" Owner="local" Priority="P3" Reminded="false" RepositoryUrl="local" ScheduledEndDate="2013-01-27 23:59:59.999 +0100" ScheduledStartDate="2013-01-21 00:00:00.0 +0100" Stale="false" TaskId="10" offlineSyncState="SYNCHRONIZED"/><Task Active="false" ConnectorKind="local" CreationDate="2013-02-17 23:24:32.534 +0100" DueDate="" EndDate="" Estimated="0" Handle="local-48" IssueURL="" Kind="task" Label="Needed: Blocks need flag which stores if a block is evaluated" LastModified="now" MarkReadPending="false" ModificationDate="" Notes="Caused by: java.lang.NullPointerException&#13;&#10;&#9;at de.prob.worksheet.api.evalStore.EvalStoreAPI.getStoreValues(EvalStoreAPI.java:190)&#13;&#10;&#9;&#13;&#10;&#9;Caused when Getstore Values is called at first Block" NotifiedIncoming="true" Owner="local" Priority="P3" Reminded="false" RepositoryUrl="local" ScheduledEndDate="2013-02-17 23:59:59.999 +0100" ScheduledStartDate="2013-02-11 00:00:00.0 +0100" Stale="false" TaskId="48" offlineSyncState="SYNCHRONIZED"/><Task Active="false" ConnectorKind="local" CreationDate="2013-02-15 08:25:08.289 +0100" DueDate="" EndDate="" Estimated="0" Handle="local-37" IssueURL="" Kind="task" Label="Test 20000: Weh js Editor is initialized mybe no cleanup in insert editor HTML " LastModified="now" MarkReadPending="false" ModificationDate="" Notes="at the moment dead code&#13;&#10;&#13;&#10;Test the whole trace for editor destruction:&#13;&#10; Create widget with nd without old editor" NotifiedIncoming="true" Owner="local" Priority="P3" Reminded="false" RepositoryUrl="local" ScheduledEndDate="2013-02-17 23:59:59.999 +0100" ScheduledStartDate="2013-02-11 00:00:00.0 +0100" Stale="false" TaskId="37" offlineSyncState="SYNCHRONIZED"/><Task Active="false" ConnectorKind="local" CreationDate="2013-02-22 09:36:24.657 +0100" DueDate="" EndDate="" Estimated="0" Handle="local-53" IssueURL="" Kind="task" Label="Test 99999: Test haltAll" LastModified="now" MarkReadPending="false" ModificationDate="" Notes="" NotifiedIncoming="true" Owner="local" Priority="P3" Reminded="false" RepositoryUrl="local" ScheduledEndDate="2013-02-24 23:59:59.999 +0100" ScheduledStartDate="2013-02-18 00:00:00.0 +0100" Stale="false" TaskId="53" offlineSyncState="SYNCHRONIZED"/><Task Active="false" ConnectorKind="local" CreationDate="2013-02-16 14:22:44.366 +0100" DueDate="" EndDate="" Estimated="0" Handle="local-38" IssueURL="" Kind="task" Label="Feature 50000: Api should be selected by property" LastModified="now" MarkReadPending="false" ModificationDate="" Notes="" NotifiedIncoming="true" Owner="local" Priority="P3" Reminded="false" RepositoryUrl="local" ScheduledEndDate="2013-02-17 23:59:59.999 +0100" ScheduledStartDate="2013-02-11 00:00:00.0 +0100" Stale="false" TaskId="38" offlineSyncState="SYNCHRONIZED"/><Task Active="false" ConnectorKind="local" CreationDate="2013-02-17 12:45:24.523 +0100" DueDate="" EndDate="2013-02-17 14:19:59.61 +0100" Estimated="0" Handle="local-45" IssueURL="" Kind="task" Label="Bug 10001: ContextHistory cant resolve inital block for any id" LastModified="now" MarkReadPending="false" ModificationDate="" Notes="if an id isn't stored in the history the initialcontext is allways the last context, but if an id has to be in the middle of the history its original pos is lost&#13;&#10;" NotifiedIncoming="true" Owner="local" Priority="P3" Reminded="false" RepositoryUrl="local" ScheduledEndDate="2013-02-17 23:59:59.999 +0100" ScheduledStartDate="2013-02-11 00:00:00.0 +0100" Stale="false" TaskId="45" offlineSyncState="SYNCHRONIZED"/><Task Active="false" ConnectorKind="local" CreationDate="2013-02-14 23:51:48.941 +0100" DueDate="" EndDate="" Estimated="0" Handle="local-33" IssueURL="" Kind="task" Label="Bug 20040: index in worksheet is not 0 indexed" LastModified="now" MarkReadPending="false" ModificationDate="" Notes="call getBlockIndex" NotifiedIncoming="true" Owner="local" Priority="P3" Reminded="false" RepositoryUrl="local" ScheduledEndDate="2013-02-17 23:59:59.999 +0100" ScheduledStartDate="2013-02-11 00:00:00.0 +0100" Stale="false" TaskId="33" offlineSyncState="SYNCHRONIZED"/><Task Active="false" ConnectorKind="local" CreationDate="2013-01-23 11:30:14.630 +0100" DueDate="" EndDate="" Estimated="0" Handle="local-12" IssueURL="" Kind="task" Label="Feature 1005: External Browser Support" LastModified="now" MarkReadPending="false" ModificationDate="" Notes="Add Worksheet Menu with Buttons:&#13;&#10;&#9;- Load&#13;&#10;&#9;- Save&#13;&#10;&#9;- Options&#13;&#10;&#9;- etc.&#13;&#10;&#9;- New Subsession&#13;&#10;&#9;- Select Subsession&#13;&#10;Add Servlets for :&#13;&#10;&#9;- File Downloading &#13;&#10;&#9;- File Uploading&#13;&#10;&#9;- Get Subsession list&#13;&#10;" NotifiedIncoming="true" Owner="local" Priority="P3" Reminded="false" RepositoryUrl="local" ScheduledEndDate="2013-01-27 23:59:59.999 +0100" ScheduledStartDate="2013-01-21 00:00:00.0 +0100" Stale="false" TaskId="12" offlineSyncState="SYNCHRONIZED"/><Task Active="false" ConnectorKind="local" CreationDate="2013-02-18 10:02:32.548 +0100" DueDate="" EndDate="" Estimated="0" Handle="local-49" IssueURL="" Kind="task" Label="Bug 77777: Nullpointer Exception in Api" LastModified="now" MarkReadPending="false" ModificationDate="" Notes="" NotifiedIncoming="true" Owner="local" Priority="P3" Reminded="false" RepositoryUrl="local" ScheduledEndDate="2013-02-24 23:59:59.999 +0100" ScheduledStartDate="2013-02-18 00:00:00.0 +0100" Stale="false" TaskId="49" offlineSyncState="SYNCHRONIZED"/><Task Active="false" ConnectorKind="local" CreationDate="2013-02-18 10:11:01.445 +0100" DueDate="" EndDate="" Estimated="0" Handle="local-50" IssueURL="" Kind="task" Label="Bug 66666: remove call to destroy in ContextHistory" LastModified="now" MarkReadPending="false" ModificationDate="" Notes="" NotifiedIncoming="true" Owner="local" Priority="P3" Reminded="false" RepositoryUrl="local" ScheduledEndDate="2013-02-24 23:59:59.999 +0100" ScheduledStartDate="2013-02-18 00:00:00.0 +0100" Stale="false" TaskId="50" offlineSyncState="SYNCHRONIZED"/><Task Active="false" ConnectorKind="local" CreationDate="2013-01-21 14:23:56.94 +0100" DueDate="" EndDate="2013-01-23 11:12:17.676 +0100" Estimated="0" Handle="local-5" IssueURL="" Kind="task" Label="Develop Eclipse Command,Handler,Toolbar" LastModified="now" MarkReadPending="false" ModificationDate="" Notes="Handler already exists, but is deactived in Toolbar&#13;&#10;" NotifiedIncoming="true" Owner="local" Priority="P3" Reminded="false" RepositoryUrl="local" ScheduledEndDate="2013-01-27 23:59:59.999 +0100" ScheduledStartDate="2013-01-21 00:00:00.0 +0100" Stale="false" TaskId="5" offlineSyncState="SYNCHRONIZED"/><Task Active="false" ConnectorKind="local" CreationDate="2013-02-17 00:27:55.199 +0100" DueDate="" EndDate="2013-02-17 20:55:18.244 +0100" Estimated="0" Handle="local-43" IssueURL="" Kind="task" Label="Bug 99999: ContextHistoy isn't stored after evaluation" LastModified="now" MarkReadPending="false" ModificationDate="" Notes="" NotifiedIncoming="true" Owner="local" Priority="P3" Reminded="false" RepositoryUrl="local" ScheduledEndDate="2013-02-17 23:59:59.999 +0100" ScheduledStartDate="2013-02-11 00:00:00.0 +0100" Stale="false" TaskId="43" offlineSyncState="SYNCHRONIZED"/><Task Active="false" ConnectorKind="local" CreationDate="2013-02-16 15:26:47.408 +0100" DueDate="" EndDate="" Estimated="0" Handle="local-39" IssueURL="" Kind="task" Label="Feature 51000: Initialize with Root if no history is present" LastModified="now" MarkReadPending="false" ModificationDate="" Notes="AnimatorImpl can be injected and allow execution of Commands" NotifiedIncoming="true" Owner="local" Priority="P3" Reminded="false" RepositoryUrl="local" ScheduledEndDate="2013-02-17 23:59:59.999 +0100" ScheduledStartDate="2013-02-11 00:00:00.0 +0100" Stale="false" TaskId="39" offlineSyncState="SYNCHRONIZED"/><Task Active="false" ConnectorKind="local" CreationDate="2013-02-17 12:27:00.186 +0100" DueDate="" EndDate="" Estimated="0" Handle="local-44" IssueURL="" Kind="task" Label="Test 20001: IS Immediate Evalutaion Block reset when Browser Refresh" LastModified="now" MarkReadPending="false" ModificationDate="" Notes="" NotifiedIncoming="true" Owner="local" Priority="P3" Reminded="false" RepositoryUrl="local" ScheduledEndDate="2013-02-17 23:59:59.999 +0100" ScheduledStartDate="2013-02-11 00:00:00.0 +0100" Stale="false" TaskId="44" offlineSyncState="SYNCHRONIZED"/><Task Active="false" ConnectorKind="local" CreationDate="2013-02-15 00:16:02.55 +0100" DueDate="" EndDate="2013-02-21 18:10:04.43 +0100" Estimated="0" Handle="local-34" IssueURL="" Kind="task" Label="Bug 40000: tabIndex is NaN" LastModified="now" MarkReadPending="false" ModificationDate="" Notes="After Switch Block tab Index is NaN. Seen at first block" NotifiedIncoming="true" Owner="local" Priority="P3" Reminded="false" RepositoryUrl="local" ScheduledEndDate="2013-02-17 23:59:59.999 +0100" ScheduledStartDate="2013-02-11 00:00:00.0 +0100" Stale="false" TaskId="34" offlineSyncState="SYNCHRONIZED"/><TaskCategory Handle="handle-3" Name="Webserver"><TaskReference Handle="local-15"/><TaskReference Handle="local-17"/><TaskReference Handle="local-18"/><TaskReference Handle="local-26"/><TaskReference Handle="local-38"/><TaskReference Handle="local-39"/><TaskReference Handle="local-40"/><TaskReference Handle="local-41"/><TaskReference Handle="local-43"/><TaskReference Handle="local-44"/><TaskReference Handle="local-45"/><TaskReference Handle="local-47"/><TaskReference Handle="local-48"/><TaskReference Handle="local-49"/><TaskReference Handle="local-50"/><TaskReference Handle="local-51"/><TaskReference Handle="local-52"/><TaskReference Handle="local-53"/><TaskReference Handle="local-54"/><TaskReference Handle="local-56"/></TaskCategory><TaskCategory Handle="handle-4" Name="Plugin"><TaskReference Handle="local-4"/><TaskReference Handle="local-7"/><TaskReference Handle="local-9"/><TaskReference Handle="local-10"/><TaskReference Handle="local-11"/><TaskReference Handle="local-13"/><TaskReference Handle="local-14"/><TaskReference Handle="local-28"/><TaskReference Handle="local-29"/><TaskReference Handle="local-30"/><TaskReference Handle="local-31"/><TaskReference Handle="local-32"/></TaskCategory><TaskCategory Handle="handle-2" Name="User Interface"><TaskReference Handle="local-6"/><TaskReference Handle="local-8"/><TaskReference Handle="local-12"/><TaskReference Handle="local-16"/><TaskReference Handle="local-21"/><TaskReference Handle="local-22"/><TaskReference Handle="local-23"/><TaskReference Handle="local-24"/><TaskReference Handle="local-25"/><TaskReference Handle="local-27"/><TaskReference Handle="local-33"/><TaskReference Handle="local-34"/><TaskReference Handle="local-35"/><TaskReference Handle="local-36"/><TaskReference Handle="local-37"/><TaskReference Handle="local-46"/></TaskCategory><TaskCategory Handle="handle-5" Name="ProB"><TaskReference Handle="local-19"/><TaskReference Handle="local-20"/><TaskReference Handle="local-42"/><TaskReference Handle="local-55"/></TaskCategory><TaskCategory Handle="Uncategorized" Name="Uncategorized"/></TaskList>