<?xml version="1.0" encoding="UTF-8"?><InteractionHistory Id="local-24" Version="1"><InteractionEvent Delta="null" EndDate="2013-02-09 21:31:31.116 CET" Interest="2.7340002" Kind="propagation" Navigation="org.eclipse.mylyn.core.model.edges.containment" OriginId="org.eclipse.mylyn.core.model.interest.propagation" StartDate="2013-02-08 22:26:26.920 CET" StructureHandle="" StructureKind="java" NumEvents="4" CreationCount="1"/><InteractionEvent Delta="null" EndDate="2013-02-09 21:31:31.115 CET" Interest="2.7000003" Kind="propagation" Navigation="org.eclipse.mylyn.core.model.edges.containment" OriginId="org.eclipse.mylyn.core.model.interest.propagation" StartDate="2013-02-08 22:26:47.896 CET" StructureHandle="/de.prob.worksheetWeb/src" StructureKind="resource" NumEvents="3" CreationCount="3"/><InteractionEvent Delta="null" EndDate="2013-02-09 21:31:31.115 CET" Interest="2.7000003" Kind="propagation" Navigation="org.eclipse.mylyn.core.model.edges.containment" OriginId="org.eclipse.mylyn.core.model.interest.propagation" StartDate="2013-02-08 22:26:47.896 CET" StructureHandle="/de.prob.worksheetWeb/src/main" StructureKind="resource" NumEvents="3" CreationCount="3"/><InteractionEvent Delta="null" EndDate="2013-02-08 22:26:38.352 CET" Interest="2.0" Kind="selection" Navigation="null" OriginId="org.eclipse.jdt.ui.PackageExplorer" StartDate="2013-02-08 22:26:26.919 CET" StructureHandle="=de.prob.worksheetWeb" StructureKind="java" NumEvents="2" CreationCount="1"/><InteractionEvent Delta="null" EndDate="2013-02-09 21:31:31.116 CET" Interest="0.7510004" Kind="propagation" Navigation="org.eclipse.mylyn.core.model.edges.containment" OriginId="org.eclipse.mylyn.core.model.interest.propagation" StartDate="2013-02-08 22:26:47.908 CET" StructureHandle="=de.prob.worksheetWeb" StructureKind="java" NumEvents="2" CreationCount="0"/><InteractionEvent Delta="null" EndDate="2013-02-09 21:31:31.116 CET" Interest="5.0" Kind="propagation" Navigation="null" OriginId="org.eclipse.wst.jsdt.ui.CompilationUnitEditor" StartDate="2013-02-08 22:26:26.919 CET" StructureHandle="/de.prob.worksheetWeb" StructureKind="resource" NumEvents="5" CreationCount="1"/><InteractionEvent Delta="null" EndDate="2013-02-09 21:31:31.114 CET" Interest="2.7000003" Kind="propagation" Navigation="org.eclipse.mylyn.core.model.edges.containment" OriginId="org.eclipse.mylyn.core.model.interest.propagation" StartDate="2013-02-08 22:26:47.895 CET" StructureHandle="/de.prob.worksheetWeb/src/main/webapp/javascripts" StructureKind="resource" NumEvents="3" CreationCount="3"/><InteractionEvent Delta="null" EndDate="2013-02-09 21:31:31.115 CET" Interest="2.7000003" Kind="propagation" Navigation="org.eclipse.mylyn.core.model.edges.containment" OriginId="org.eclipse.mylyn.core.model.interest.propagation" StartDate="2013-02-08 22:26:47.895 CET" StructureHandle="/de.prob.worksheetWeb/src/main/webapp" StructureKind="resource" NumEvents="3" CreationCount="3"/><InteractionEvent Delta="null" EndDate="2013-02-09 21:31:31.116 CET" Interest="5.0" Kind="propagation" Navigation="org.eclipse.mylyn.core.model.edges.containment" OriginId="org.eclipse.mylyn.core.model.interest.propagation" StartDate="2013-02-08 22:26:26.920 CET" StructureHandle="/" StructureKind="resource" NumEvents="5" CreationCount="1"/><InteractionEvent Delta="null" EndDate="2013-02-09 21:31:31.113 CET" Interest="1.0" Kind="edit" Navigation="null" OriginId="org.eclipse.wst.jsdt.ui.CompilationUnitEditor" StartDate="2013-02-09 21:31:31.113 CET" StructureHandle="/de.prob.worksheetWeb/src/main/webapp/javascripts/jquery.lazyLoader.js" StructureKind="resource"/><InteractionEvent Delta="null" EndDate="2013-02-08 22:26:47.905 CET" Interest="2.0" Kind="selection" Navigation="null" OriginId="org.eclipse.jdt.ui.PackageExplorer" StartDate="2013-02-08 22:26:47.894 CET" StructureHandle="/de.prob.worksheetWeb/src/main/webapp/javascripts/jquery.lazyLoader.js" StructureKind="resource" NumEvents="2" CreationCount="3"/></InteractionHistory>