<?xml version="1.0" encoding="UTF-8"?><InteractionHistory Id="local-25" Version="1"><InteractionEvent Delta="null" EndDate="2013-02-10 09:43:34.612 CET" Interest="2053.2" Kind="propagation" Navigation="org.eclipse.mylyn.core.model.edges.containment" OriginId="org.eclipse.mylyn.core.model.interest.propagation" StartDate="2013-02-09 16:54:10.425 CET" StructureHandle="" StructureKind="java" NumEvents="2942" CreationCount="1"/><InteractionEvent Delta="null" EndDate="2013-02-10 09:43:34.611 CET" Interest="2053.2" Kind="propagation" Navigation="org.eclipse.mylyn.core.model.edges.containment" OriginId="org.eclipse.mylyn.core.model.interest.propagation" StartDate="2013-02-09 16:54:10.424 CET" StructureHandle="/de.prob.worksheetWeb/src/main" StructureKind="resource" NumEvents="2911" CreationCount="1"/><InteractionEvent Delta="null" EndDate="2013-02-10 09:43:34.612 CET" Interest="5387.0" Kind="propagation" Navigation="null" OriginId="org.eclipse.wst.jsdt.ui.CompilationUnitEditor" StartDate="2013-02-09 16:54:10.425 CET" StructureHandle="/de.prob.worksheetWeb" StructureKind="resource" NumEvents="5387" CreationCount="1"/><InteractionEvent Delta="null" EndDate="2013-02-09 20:03:18.56 CET" Interest="6.0" Kind="edit" Navigation="null" OriginId="org.eclipse.wst.jsdt.ui.CompilationUnitEditor" StartDate="2013-02-09 20:01:38.827 CET" StructureHandle="/jquer.ui/tests/unit/menu/menu_methods.js" StructureKind="resource" NumEvents="6" CreationCount="1896"/><InteractionEvent Delta="null" EndDate="2013-02-09 20:33:58.68 CET" Interest="5.0" Kind="selection" Navigation="null" OriginId="org.eclipse.jdt.ui.PackageExplorer" StartDate="2013-02-09 20:01:38.444 CET" StructureHandle="/jquer.ui/tests/unit/menu/menu_methods.js" StructureKind="resource" NumEvents="5" CreationCount="1896"/><InteractionEvent Delta="null" EndDate="2013-02-09 22:27:35.433 CET" Interest="116.0" Kind="propagation" Navigation="null" OriginId="org.eclipse.wst.jsdt.ui.CompilationUnitEditor" StartDate="2013-02-09 19:57:38.597 CET" StructureHandle="/jquer.ui" StructureKind="resource" NumEvents="116" CreationCount="1843"/><InteractionEvent Delta="null" EndDate="2013-02-09 22:34:40.615 CET" Interest="59.0" Kind="selection" Navigation="null" OriginId="org.eclipse.wst.jsdt.ui.CompilationUnitEditor" StartDate="2013-02-09 16:54:31.740 CET" StructureHandle="/de.prob.worksheetWeb/src/main/webapp/javascripts/jquery.ui.editor.js" StructureKind="resource" NumEvents="59" CreationCount="5"/><InteractionEvent Delta="null" EndDate="2013-02-09 23:33:53.160 CET" Interest="2284.0" Kind="edit" Navigation="null" OriginId="org.eclipse.wst.jsdt.ui.CompilationUnitEditor" StartDate="2013-02-09 16:54:32.136 CET" StructureHandle="/de.prob.worksheetWeb/src/main/webapp/javascripts/jquery.ui.editor.js" StructureKind="resource" NumEvents="2284" CreationCount="5"/><InteractionEvent Delta="null" EndDate="2013-02-10 09:43:34.612 CET" Interest="2046.5789" Kind="propagation" Navigation="org.eclipse.mylyn.core.model.edges.containment" OriginId="org.eclipse.mylyn.core.model.interest.propagation" StartDate="2013-02-09 16:54:10.425 CET" StructureHandle="=de.prob.worksheetWeb" StructureKind="java" NumEvents="2919" CreationCount="214"/><InteractionEvent Delta="null" EndDate="2013-02-09 23:31:12.481 CET" Interest="3.0" Kind="selection" Navigation="null" OriginId="org.eclipse.jdt.ui.PackageExplorer" StartDate="2013-02-09 16:54:22.674 CET" StructureHandle="=de.prob.worksheetWeb" StructureKind="java" NumEvents="3" CreationCount="214"/><InteractionEvent Delta="null" EndDate="2013-02-09 17:40:55.982 CET" Interest="2.0" Kind="selection" Navigation="null" OriginId="org.eclipse.wst.jsdt.ui.CompilationUnitEditor" StartDate="2013-02-09 17:40:55.619 CET" StructureHandle="/de.prob.worksheetWeb/src/main/webapp/javascripts/jquery.lazyLoader.js" StructureKind="resource" NumEvents="2" CreationCount="729"/><InteractionEvent Delta="null" EndDate="2013-02-09 18:58:19.890 CET" Interest="3.0" Kind="edit" Navigation="null" OriginId="org.eclipse.wst.jsdt.ui.CompilationUnitEditor" StartDate="2013-02-09 17:40:56.39 CET" StructureHandle="/de.prob.worksheetWeb/src/main/webapp/javascripts/jquery.lazyLoader.js" StructureKind="resource" NumEvents="3" CreationCount="729"/><InteractionEvent Delta="null" EndDate="2013-02-10 09:43:34.611 CET" Interest="2053.2" Kind="propagation" Navigation="org.eclipse.mylyn.core.model.edges.containment" OriginId="org.eclipse.mylyn.core.model.interest.propagation" StartDate="2013-02-09 16:54:10.423 CET" StructureHandle="/de.prob.worksheetWeb/src/main/webapp" StructureKind="resource" NumEvents="2911" CreationCount="1"/><InteractionEvent Delta="null" EndDate="2013-02-09 20:00:47.544 CET" Interest="2.0" Kind="selection" Navigation="null" OriginId="org.eclipse.jdt.ui.PackageExplorer" StartDate="2013-02-09 20:00:47.534 CET" StructureHandle="/jquer.ui/tests/unit" StructureKind="resource" NumEvents="2" CreationCount="1843"/><InteractionEvent Delta="null" EndDate="2013-02-09 20:00:43.131 CET" Interest="26.1" Kind="propagation" Navigation="org.eclipse.mylyn.core.model.edges.containment" OriginId="org.eclipse.mylyn.core.model.interest.propagation" StartDate="2013-02-09 19:57:38.596 CET" StructureHandle="/jquer.ui/tests/unit" StructureKind="resource" NumEvents="36" CreationCount="1843"/><InteractionEvent Delta="null" EndDate="2013-02-09 22:27:22.847 CET" Interest="30.190004" Kind="manipulation" Navigation="null" OriginId="org.eclipse.mylyn.core.model.interest.decay.correction" StartDate="2013-02-09 22:27:22.847 CET" StructureHandle="/jquer.ui/ui/jquery.ui.widget.js" StructureKind="resource"/><InteractionEvent Delta="null" EndDate="2013-02-09 22:27:34.378 CET" Interest="9.0" Kind="edit" Navigation="null" OriginId="org.eclipse.wst.jsdt.ui.CompilationUnitEditor" StartDate="2013-02-09 20:35:00.941 CET" StructureHandle="/jquer.ui/ui/jquery.ui.widget.js" StructureKind="resource" NumEvents="9" CreationCount="2276"/><InteractionEvent Delta="null" EndDate="2013-02-09 22:27:34.303 CET" Interest="10.0" Kind="selection" Navigation="null" OriginId="org.eclipse.wst.jsdt.ui.CompilationUnitEditor" StartDate="2013-02-09 20:34:56.445 CET" StructureHandle="/jquer.ui/ui/jquery.ui.widget.js" StructureKind="resource" NumEvents="10" CreationCount="2276"/><InteractionEvent Delta="null" EndDate="2013-02-09 23:33:53.161 CET" Interest="1657.7999" Kind="propagation" Navigation="org.eclipse.mylyn.core.model.edges.containment" OriginId="org.eclipse.mylyn.core.model.interest.propagation" StartDate="2013-02-09 16:54:31.741 CET" StructureHandle="/de.prob.worksheetWeb/src/main/webapp/javascripts" StructureKind="resource" NumEvents="2343" CreationCount="5"/><InteractionEvent Delta="null" EndDate="2013-02-09 20:33:58.233 CET" Interest="2.0" Kind="selection" Navigation="null" OriginId="org.eclipse.jdt.ui.PackageExplorer" StartDate="2013-02-09 20:33:58.193 CET" StructureHandle="=jquer.ui" StructureKind="java" NumEvents="2" CreationCount="1843"/><InteractionEvent Delta="null" EndDate="2013-02-09 22:27:34.379 CET" Interest="51.851006" Kind="propagation" Navigation="org.eclipse.mylyn.core.model.edges.containment" OriginId="org.eclipse.mylyn.core.model.interest.propagation" StartDate="2013-02-09 19:57:38.597 CET" StructureHandle="=jquer.ui" StructureKind="java" NumEvents="51" CreationCount="1843"/><InteractionEvent Delta="null" EndDate="2013-02-10 09:43:34.610 CET" Interest="2053.2" Kind="propagation" Navigation="org.eclipse.mylyn.core.model.edges.containment" OriginId="org.eclipse.mylyn.core.model.interest.propagation" StartDate="2013-02-09 16:54:10.421 CET" StructureHandle="/de.prob.worksheetWeb/src/main/webapp/testsJavascript" StructureKind="resource" NumEvents="2906" CreationCount="1"/><InteractionEvent Delta="null" EndDate="2013-02-09 20:00:43.131 CET" Interest="2.0" Kind="selection" Navigation="null" OriginId="org.eclipse.jdt.ui.PackageExplorer" StartDate="2013-02-09 20:00:43.9 CET" StructureHandle="/jquer.ui/tests/unit/widget" StructureKind="resource" NumEvents="2" CreationCount="1843"/><InteractionEvent Delta="null" EndDate="2013-02-09 20:00:27.877 CET" Interest="24.1" Kind="propagation" Navigation="org.eclipse.mylyn.core.model.edges.containment" OriginId="org.eclipse.mylyn.core.model.interest.propagation" StartDate="2013-02-09 19:57:38.595 CET" StructureHandle="/jquer.ui/tests/unit/widget" StructureKind="resource" NumEvents="34" CreationCount="1843"/><InteractionEvent Delta="null" EndDate="2013-02-09 20:00:27.876 CET" Interest="33.0" Kind="edit" Navigation="null" OriginId="org.eclipse.wst.jsdt.ui.CompilationUnitEditor" StartDate="2013-02-09 19:57:38.715 CET" StructureHandle="/jquer.ui/tests/unit/widget/widget_core.js" StructureKind="resource" NumEvents="33" CreationCount="1843"/><InteractionEvent Delta="null" EndDate="2013-02-09 19:57:38.594 CET" Interest="1.0" Kind="selection" Navigation="null" OriginId="org.eclipse.wst.jsdt.ui.CompilationUnitEditor" StartDate="2013-02-09 19:57:38.594 CET" StructureHandle="/jquer.ui/tests/unit/widget/widget_core.js" StructureKind="resource"/><InteractionEvent Delta="null" EndDate="2013-02-09 20:35:33.8 CET" Interest="2.0" Kind="selection" Navigation="null" OriginId="org.eclipse.jdt.ui.PackageExplorer" StartDate="2013-02-09 20:35:32.959 CET" StructureHandle="/jquer.ui/ui" StructureKind="resource" NumEvents="2" CreationCount="2269"/><InteractionEvent Delta="null" EndDate="2013-02-09 22:27:34.379 CET" Interest="44.609005" Kind="propagation" Navigation="org.eclipse.mylyn.core.model.edges.containment" OriginId="org.eclipse.mylyn.core.model.interest.propagation" StartDate="2013-02-09 20:34:07.835 CET" StructureHandle="/jquer.ui/ui" StructureKind="resource" NumEvents="23" CreationCount="2269"/><InteractionEvent Delta="null" EndDate="2013-02-10 09:43:34.612 CET" Interest="5503.0" Kind="propagation" Navigation="null" OriginId="org.eclipse.wst.jsdt.ui.CompilationUnitEditor" StartDate="2013-02-09 16:54:10.425 CET" StructureHandle="/" StructureKind="resource" NumEvents="5503" CreationCount="1"/><InteractionEvent Delta="null" EndDate="2013-02-09 19:02:14.387 CET" Interest="28.0" Kind="selection" Navigation="null" OriginId="org.eclipse.jdt.ui.PackageExplorer" StartDate="2013-02-09 16:55:08.507 CET" StructureHandle="/de.prob.worksheetWeb/src/main/webapp/testsJavascript/editor/editor.html" StructureKind="resource" NumEvents="28" CreationCount="11"/><InteractionEvent Delta="null" EndDate="2013-02-09 18:59:54.4 CET" Interest="28.0" Kind="edit" Navigation="null" OriginId="org.eclipse.wst.html.core.htmlsource.source" StartDate="2013-02-09 16:55:51.763 CET" StructureHandle="/de.prob.worksheetWeb/src/main/webapp/testsJavascript/editor/editor.html" StructureKind="resource" NumEvents="28" CreationCount="11"/><InteractionEvent Delta="null" EndDate="2013-02-09 22:27:24.93 CET" Interest="34.071" Kind="manipulation" Navigation="null" OriginId="org.eclipse.mylyn.core.model.interest.decay.correction" StartDate="2013-02-09 22:27:24.93 CET" StructureHandle="/jquer.ui/ui/jquery.ui.accordion.js" StructureKind="resource"/><InteractionEvent Delta="null" EndDate="2013-02-09 22:27:35.433 CET" Interest="7.0" Kind="edit" Navigation="null" OriginId="org.eclipse.wst.jsdt.ui.CompilationUnitEditor" StartDate="2013-02-09 20:35:42.178 CET" StructureHandle="/jquer.ui/ui/jquery.ui.accordion.js" StructureKind="resource" NumEvents="7" CreationCount="2287"/><InteractionEvent Delta="null" EndDate="2013-02-09 22:27:35.362 CET" Interest="5.0" Kind="selection" Navigation="null" OriginId="org.eclipse.wst.jsdt.ui.CompilationUnitEditor" StartDate="2013-02-09 20:35:41.767 CET" StructureHandle="/jquer.ui/ui/jquery.ui.accordion.js" StructureKind="resource" NumEvents="5" CreationCount="2287"/><InteractionEvent Delta="null" EndDate="2013-02-09 22:27:21.875 CET" Interest="32.241" Kind="manipulation" Navigation="null" OriginId="org.eclipse.mylyn.core.model.interest.decay.correction" StartDate="2013-02-09 22:27:21.875 CET" StructureHandle="/jquer.ui/ui/jquery.ui.menu.js" StructureKind="resource"/><InteractionEvent Delta="null" EndDate="2013-02-09 22:27:33.568 CET" Interest="9.0" Kind="edit" Navigation="null" OriginId="org.eclipse.wst.jsdt.ui.CompilationUnitEditor" StartDate="2013-02-09 20:34:08.374 CET" StructureHandle="/jquer.ui/ui/jquery.ui.menu.js" StructureKind="resource" NumEvents="9" CreationCount="2269"/><InteractionEvent Delta="null" EndDate="2013-02-09 22:27:33.481 CET" Interest="8.0" Kind="selection" Navigation="null" OriginId="org.eclipse.wst.jsdt.ui.CompilationUnitEditor" StartDate="2013-02-09 20:34:07.834 CET" StructureHandle="/jquer.ui/ui/jquery.ui.menu.js" StructureKind="resource" NumEvents="8" CreationCount="2269"/><InteractionEvent Delta="null" EndDate="2013-02-09 22:27:20.920 CET" Interest="26.625008" Kind="manipulation" Navigation="null" OriginId="org.eclipse.mylyn.core.model.interest.decay.correction" StartDate="2013-02-09 22:27:20.920 CET" StructureHandle="/de.prob.worksheetWeb/src/main/webapp/javascripts/jquery.ui.blocks.js" StructureKind="resource"/><InteractionEvent Delta="null" EndDate="2013-02-09 22:27:32.726 CET" Interest="18.0" Kind="selection" Navigation="null" OriginId="org.eclipse.wst.jsdt.ui.CompilationUnitEditor" StartDate="2013-02-09 16:59:08.824 CET" StructureHandle="/de.prob.worksheetWeb/src/main/webapp/javascripts/jquery.ui.blocks.js" StructureKind="resource" NumEvents="18" CreationCount="113"/><InteractionEvent Delta="null" EndDate="2013-02-09 22:27:32.815 CET" Interest="55.0" Kind="edit" Navigation="null" OriginId="org.eclipse.wst.jsdt.ui.CompilationUnitEditor" StartDate="2013-02-09 16:59:09.286 CET" StructureHandle="/de.prob.worksheetWeb/src/main/webapp/javascripts/jquery.ui.blocks.js" StructureKind="resource" NumEvents="55" CreationCount="113"/><InteractionEvent Delta="null" EndDate="2013-02-09 20:00:53.400 CET" Interest="2.0" Kind="selection" Navigation="null" OriginId="org.eclipse.jdt.ui.PackageExplorer" StartDate="2013-02-09 20:00:53.57 CET" StructureHandle="/jquer.ui/tests/unit/datepicker" StructureKind="resource" NumEvents="2" CreationCount="1884"/><InteractionEvent Delta="null" EndDate="2013-02-10 09:43:34.612 CET" Interest="2053.2" Kind="propagation" Navigation="org.eclipse.mylyn.core.model.edges.containment" OriginId="org.eclipse.mylyn.core.model.interest.propagation" StartDate="2013-02-09 16:54:10.425 CET" StructureHandle="/de.prob.worksheetWeb/src" StructureKind="resource" NumEvents="2911" CreationCount="1"/><InteractionEvent Delta="null" EndDate="2013-02-09 20:03:39.724 CET" Interest="7.534" Kind="propagation" Navigation="org.eclipse.mylyn.core.model.edges.containment" OriginId="org.eclipse.mylyn.core.model.interest.propagation" StartDate="2013-02-09 20:01:05.19 CET" StructureHandle="/jquer.ui/tests/unit/menu" StructureKind="resource" NumEvents="11" CreationCount="1886"/><InteractionEvent Delta="null" EndDate="2013-02-09 20:00:56.65 CET" Interest="2.0" Kind="selection" Navigation="null" OriginId="org.eclipse.jdt.ui.PackageExplorer" StartDate="2013-02-09 20:00:56.55 CET" StructureHandle="/jquer.ui/tests/unit/menu" StructureKind="resource" NumEvents="2" CreationCount="1886"/><InteractionEvent Delta="null" EndDate="2013-02-09 20:00:47.545 CET" Interest="28.1" Kind="propagation" Navigation="org.eclipse.mylyn.core.model.edges.containment" OriginId="org.eclipse.mylyn.core.model.interest.propagation" StartDate="2013-02-09 19:57:38.596 CET" StructureHandle="/jquer.ui/tests" StructureKind="resource" NumEvents="38" CreationCount="1843"/><InteractionEvent Delta="null" EndDate="2013-02-09 20:03:39.723 CET" Interest="5.0" Kind="edit" Navigation="null" OriginId="org.eclipse.wst.jsdt.ui.CompilationUnitEditor" StartDate="2013-02-09 20:01:05.332 CET" StructureHandle="/jquer.ui/tests/unit/menu/menu_core.js" StructureKind="resource" NumEvents="5" CreationCount="1888"/><InteractionEvent Delta="null" EndDate="2013-02-09 20:03:39.300 CET" Interest="6.0" Kind="selection" Navigation="null" OriginId="org.eclipse.wst.jsdt.ui.CompilationUnitEditor" StartDate="2013-02-09 20:01:05.7 CET" StructureHandle="/jquer.ui/tests/unit/menu/menu_core.js" StructureKind="resource" NumEvents="6" CreationCount="1888"/><InteractionEvent Delta="null" EndDate="2013-02-10 09:43:34.610 CET" Interest="2053.2" Kind="propagation" Navigation="org.eclipse.mylyn.core.model.edges.containment" OriginId="org.eclipse.mylyn.core.model.interest.propagation" StartDate="2013-02-09 16:54:10.420 CET" StructureHandle="/de.prob.worksheetWeb/src/main/webapp/testsJavascript/editor" StructureKind="resource" NumEvents="2906" CreationCount="1"/><InteractionEvent Delta="null" EndDate="2013-02-10 09:43:34.609 CET" Interest="2846.0" Kind="edit" Navigation="null" OriginId="org.eclipse.wst.jsdt.ui.CompilationUnitEditor" StartDate="2013-02-09 16:54:10.419 CET" StructureHandle="/de.prob.worksheetWeb/src/main/webapp/testsJavascript/editor/editor_core.js" StructureKind="resource" NumEvents="2846" CreationCount="1"/><InteractionEvent Delta="null" EndDate="2013-02-09 23:34:06.923 CET" Interest="61.0" Kind="selection" Navigation="null" OriginId="org.eclipse.wst.jsdt.ui.CompilationUnitEditor" StartDate="2013-02-09 16:55:19.208 CET" StructureHandle="/de.prob.worksheetWeb/src/main/webapp/testsJavascript/editor/editor_core.js" StructureKind="resource" NumEvents="61" CreationCount="1"/></InteractionHistory>